Task,TrialType,Stimuli,CorrectResponse,StimulusType,thisN,thisTrialN,thisRepN,Trialnumb,LDT_key_resp.keys,LDT_key_resp.corr,LDT_key_resp.rt,LDT_key_resp.duration,LDT_prac_trials.thisRepN,LDT_prac_trials.thisTrialN,LDT_prac_trials.thisN,LDT_prac_trials.thisIndex,LDT_trials.thisRepN,LDT_trials.thisTrialN,LDT_trials.thisN,LDT_trials.thisIndex,thisRow.t,notes,Intro.started,Intro.stopped,LDT_intro.started,keyboard_LDT.started,LDT_intro.stopped,LDT_prac.started,LDT_prac.stopped,LDT_feedback.started,LDT_feedback.stopped,LDT_instr.started,LDT_instr_key_resp.started,LDT_instr.stopped,LDT_trial.started,LDT_stim_text.started,LDT_key_resp.started,LDT_trial.stopped,LDT_trials.LDT_key_resp.keys,LDT_trials.LDT_key_resp.corr,LDT_trials.LDT_key_resp.rt,LDT_trials.LDT_key_resp.duration,LDT_break.started,LDT_break.stopped,end.started,end.stopped,Participant,date,expName,expVersion,psychopyVersion,frameRate,expStart,
,,,,,,,,,,,,,,,,,,,,,,,0.008484500000122353,2.381097800000134,,,,,,,,,,,,,,,,,,,,,,,MB37,2025-10-16_15h19.12.474,online_LDT&KRT,,2025.1.1,120.9706198663714,2025-10-16 15h19.21.175559 +0900,
,,,,,,,,,,,,,,,,,,,,,,,,,2.381120699999883,2.3938003000002936,23.07317150000017,,,,,,,,,,,,,,,,,,,,MB37,2025-10-16_15h19.12.474,online_LDT&KRT,,2025.1.1,120.9706198663714,2025-10-16 15h19.21.175559 +0900,
LDT,Practice,concept,l,word,0,0,0,,,,,,0,0,0,0,,,,,23.089409900001556,,,,,,,23.08166810000148,24.14936250000028,24.15362880000066,25.14167290000114,,,,,,,,,,,,,,,,MB37,2025-10-16_15h19.12.474,online_LDT&KRT,,2025.1.1,120.9706198663714,2025-10-16 15h19.21.175559 +0900,
LDT,Practice,yami,a,nonword,1,1,0,,,,,,0,1,1,6,,,,,25.149878900001568,,,,,,,25.145223299999998,26.13463860000047,26.134662400001616,27.126977400001124,,,,,,,,,,,,,,,,MB37,2025-10-16_15h19.12.474,online_LDT&KRT,,2025.1.1,120.9706198663714,2025-10-16 15h19.21.175559 +0900,
LDT,Practice,jeong,a,nonword,2,2,0,,,,,,0,2,2,7,,,,,27.135184800001298,,,,,,,27.129926100000375,28.186641400001463,28.186666500001593,29.179068200000984,,,,,,,,,,,,,,,,MB37,2025-10-16_15h19.12.474,online_LDT&KRT,,2025.1.1,120.9706198663714,2025-10-16 15h19.21.175559 +0900,
LDT,Practice,cucumber,l,word,3,3,0,,,,,,0,3,3,1,,,,,29.187139800000296,,,,,,,29.182188900000256,30.088736800000333,30.088763700001437,31.080945300000167,,,,,,,,,,,,,,,,MB37,2025-10-16_15h19.12.474,online_LDT&KRT,,2025.1.1,120.9706198663714,2025-10-16 15h19.21.175559 +0900,
LDT,Practice,lankua,a,nonword,4,4,0,,,,,,0,4,4,9,,,,,31.089026300000114,,,,,,,31.083413900001688,31.99863660000119,31.998660900000687,32.991137200000594,,,,,,,,,,,,,,,,MB37,2025-10-16_15h19.12.474,online_LDT&KRT,,2025.1.1,120.9706198663714,2025-10-16 15h19.21.175559 +0900,
LDT,Practice,truck,l,word,5,5,0,,,,,,0,5,5,2,,,,,32.999301200001355,,,,,,,32.99261330000081,33.875709600000846,33.875735700001314,34.868041300000186,,,,,,,,,,,,,,,,MB37,2025-10-16_15h19.12.474,online_LDT&KRT,,2025.1.1,120.9706198663714,2025-10-16 15h19.21.175559 +0900,
LDT,Practice,baseball,l,word,6,6,0,,,,,,0,6,6,4,,,,,34.876164000001154,,,,,,,34.87008170000081,35.852612200000294,35.852637300000424,36.84501950000049,,,,,,,,,,,,,,,,MB37,2025-10-16_15h19.12.474,online_LDT&KRT,,2025.1.1,120.9706198663714,2025-10-16 15h19.21.175559 +0900,
LDT,Practice,format,l,word,7,7,0,,,,,,0,7,7,3,,,,,36.85325620000003,,,,,,,36.84684710000147,37.837849300000016,37.84019690000059,38.83044620000146,,,,,,,,,,,,,,,,MB37,2025-10-16_15h19.12.474,online_LDT&KRT,,2025.1.1,120.9706198663714,2025-10-16 15h19.21.175559 +0900,
LDT,Practice,huftuk,a,nonword,8,8,0,,,,,,0,8,8,8,,,,,38.83847640000022,,,,,,,38.83268300000054,39.781511000001046,39.7823567000014,40.77398160000121,,,,,,,,,,,,,,,,MB37,2025-10-16_15h19.12.474,online_LDT&KRT,,2025.1.1,120.9706198663714,2025-10-16 15h19.21.175559 +0900,
LDT,Practice,cluerk,a,nonword,9,9,0,,,,,,0,9,9,5,,,,,40.782044999999925,,,,,,,40.775070000001506,41.75013850000141,41.75096980000126,42.742566500000976,,,,,,,,,,,,,,,,MB37,2025-10-16_15h19.12.474,online_LDT&KRT,,2025.1.1,120.9706198663714,2025-10-16 15h19.21.175559 +0900,
,,,,,,,,,,,,,,,,,,,,,,,,,,,,,,,,42.74261040000056,42.7506753000016,55.680740000001606,,,,,,,,,,,,,MB37,2025-10-16_15h19.12.474,online_LDT&KRT,,2025.1.1,120.9706198663714,2025-10-16 15h19.21.175559 +0900,
LDT,Target,mass,l,word,0,0,0,102,l,1,0.3932689000012033,None,,,,,0,0,0,101,55.713596900000994,,,,,,,,,,,,,,55.70189010000104,56.17238260000158,56.17238260000158,56.57329950000167,l,1,0.3932689000012033,None,56.57333530000142,56.57334720000108,,,MB37,2025-10-16_15h19.12.474,online_LDT&KRT,,2025.1.1,120.9706198663714,2025-10-16 15h19.21.175559 +0900,
LDT,Target,trick,l,word,1,1,0,75,l,1,0.5007709000001341,None,,,,,0,1,1,74,56.5811117000012,,,,,,,,,,,,,,56.57433470000069,57.06494350000139,57.06494350000139,57.57426560000022,l,1,0.5007709000001341,None,57.57430010000098,57.57431170000018,,,MB37,2025-10-16_15h19.12.474,online_LDT&KRT,,2025.1.1,120.9706198663714,2025-10-16 15h19.21.175559 +0900,
LDT,Target,peaf,a,nonword,2,2,0,179,l,0,0.42780020000100194,None,,,,,0,2,2,178,57.58210710000094,,,,,,,,,,,,,,57.575756600001114,58.06591850000041,58.06591850000041,58.50012020000031,l,0,0.42780020000100194,None,58.50015549999989,58.50016649999998,,,MB37,2025-10-16_15h19.12.474,online_LDT&KRT,,2025.1.1,120.9706198663714,2025-10-16 15h19.21.175559 +0900,
LDT,Target,pick,l,word,3,3,0,58,a,0,0.6372073999991699,None,,,,,0,3,3,57,58.508042200001,,,,,,,,,,,,,,58.50115360000018,58.991856100001314,58.991856100001314,59.63474850000057,a,0,0.6372073999991699,None,59.63478450000002,59.63479619999998,,,MB37,2025-10-16_15h19.12.474,online_LDT&KRT,,2025.1.1,120.9706198663714,2025-10-16 15h19.21.175559 +0900,
LDT,Target,ugly,l,word,4,4,0,78,l,1,0.5918189999993047,None,,,,,0,4,4,77,59.64251180000065,,,,,,,,,,,,,,59.63586570000007,60.126321100000496,60.126321100000496,60.71905730000071,l,1,0.5918189999993047,None,60.719092600000295,60.71910350000144,,,MB37,2025-10-16_15h19.12.474,online_LDT&KRT,,2025.1.1,120.9706198663714,2025-10-16 15h19.21.175559 +0900,
LDT,Target,gead,a,nonword,5,5,0,145,a,1,0.6922668999995949,None,,,,,0,5,5,144,60.726984700000685,,,,,,,,,,,,,,60.72113060000083,61.210715600000185,61.210715600000185,61.90357100000074,a,1,0.6922668999995949,None,61.90360839999994,61.90361920000032,,,MB37,2025-10-16_15h19.12.474,online_LDT&KRT,,2025.1.1,120.9706198663714,2025-10-16 15h19.21.175559 +0900,
LDT,Target,virus,l,word,6,6,0,100,l,1,0.5858859999989363,None,,,,,0,6,6,99,61.91149949999999,,,,,,,,,,,,,,61.90556540000034,62.395247800001016,62.395247800001016,62.98796670000047,l,1,0.5858859999989363,None,62.988002699999925,62.98801350000031,,,MB37,2025-10-16_15h19.12.474,online_LDT&KRT,,2025.1.1,120.9706198663714,2025-10-16 15h19.21.175559 +0900,
LDT,Target,spin,l,word,7,7,0,107,l,1,0.45450329999948735,None,,,,,0,7,7,106,62.99581500000022,,,,,,,,,,,,,,62.98897300000135,63.479661000001215,63.479661000001215,63.93890460000148,l,1,0.45450329999948735,None,63.93894050000017,63.93895150000026,,,MB37,2025-10-16_15h19.12.474,online_LDT&KRT,,2025.1.1,120.9706198663714,2025-10-16 15h19.21.175559 +0900,
LDT,Target,news,l,word,8,8,0,45,l,1,0.45439880000049016,None,,,,,0,8,8,44,63.94679470000119,,,,,,,,,,,,,,63.941233999999895,64.43059100000028,64.43059100000028,64.88997350000136,l,1,0.45439880000049016,None,64.89001150000149,64.89002230000006,,,MB37,2025-10-16_15h19.12.474,online_LDT&KRT,,2025.1.1,120.9706198663714,2025-10-16 15h19.21.175559 +0900,
LDT,Target,loil,a,nonword,9,9,0,170,a,1,0.6480756000000838,None,,,,,0,9,9,169,64.89771770000152,,,,,,,,,,,,,,64.89097180000135,65.38155590000133,65.38155590000133,66.0326395000011,a,1,0.6480756000000838,None,66.0326767000006,66.03268750000097,,,MB37,2025-10-16_15h19.12.474,online_LDT&KRT,,2025.1.1,120.9706198663714,2025-10-16 15h19.21.175559 +0900,
LDT,Target,kire,a,nonword,10,10,0,166,a,1,0.6013280000006489,None,,,,,0,10,10,165,66.0405363000009,,,,,,,,,,,,,,66.03364090000105,66.52434960000028,66.52434960000028,67.13372460000028,a,1,0.6013280000006489,None,67.13376020000032,67.13377150000088,,,MB37,2025-10-16_15h19.12.474,online_LDT&KRT,,2025.1.1,120.9706198663714,2025-10-16 15h19.21.175559 +0900,
LDT,Target,tran,a,nonword,11,11,0,206,a,1,1.204234599999836,None,,,,,0,11,11,205,67.14171200000055,,,,,,,,,,,,,,67.13467740000124,67.62549320000107,67.62549320000107,68.83545100000083,a,1,1.204234599999836,None,68.83548599999995,68.83549690000109,,,MB37,2025-10-16_15h19.12.474,online_LDT&KRT,,2025.1.1,120.9706198663714,2025-10-16 15h19.21.175559 +0900,
LDT,Target,loak,a,nonword,12,12,0,169,a,1,0.7984089999990829,None,,,,,0,12,12,168,68.84361190000163,,,,,,,,,,,,,,68.8366156000011,69.32715150000149,69.32715150000149,70.12840790000155,a,1,0.7984089999990829,None,70.12844430000041,70.1284556999999,,,MB37,2025-10-16_15h19.12.474,online_LDT&KRT,,2025.1.1,120.9706198663714,2025-10-16 15h19.21.175559 +0900,
LDT,Target,hirs,a,nonword,13,13,0,153,a,1,0.5454595999999583,None,,,,,0,13,13,152,70.13633380000101,,,,,,,,,,,,,,70.12936710000031,70.6201054000012,70.6201054000012,71.17108350000126,a,1,0.5454595999999583,None,71.17117120000148,71.17118320000009,,,MB37,2025-10-16_15h19.12.474,online_LDT&KRT,,2025.1.1,120.9706198663714,2025-10-16 15h19.21.175559 +0900,
LDT,Target,look,l,word,14,14,0,2,l,1,0.5108742000011262,None,,,,,0,14,14,1,71.17912090000027,,,,,,,,,,,,,,71.17205190000095,71.66288970000096,71.66288970000096,72.18039280000085,l,1,0.5108742000011262,None,72.1804286000006,72.18043940000098,,,MB37,2025-10-16_15h19.12.474,online_LDT&KRT,,2025.1.1,120.9706198663714,2025-10-16 15h19.21.175559 +0900,
LDT,Target,show,l,word,15,15,0,21,l,1,0.45322330000090005,None,,,,,0,15,15,20,72.18840490000002,,,,,,,,,,,,,,72.18141650000143,72.67214840000088,72.67214840000088,73.13139460000093,l,1,0.45322330000090005,None,73.13143010000022,73.13144190000094,,,MB37,2025-10-16_15h19.12.474,online_LDT&KRT,,2025.1.1,120.9706198663714,2025-10-16 15h19.21.175559 +0900,
LDT,Target,saos,a,nonword,16,16,0,115,a,1,0.5667012000012619,None,,,,,0,16,16,114,73.13940010000078,,,,,,,,,,,,,,73.13235860000168,73.62309510000159,73.62309510000159,74.19076740000128,a,1,0.5667012000012619,None,74.19080329999997,74.19081390000065,,,MB37,2025-10-16_15h19.12.474,online_LDT&KRT,,2025.1.1,120.9706198663714,2025-10-16 15h19.21.175559 +0900,
LDT,Target,fump,a,nonword,17,17,0,143,a,1,0.5704738000003999,None,,,,,0,17,17,142,74.19874170000003,,,,,,,,,,,,,,74.19194420000167,74.68248290000156,74.68248290000156,75.2585581000003,a,1,0.5704738000003999,None,75.25859350000064,75.25860430000102,,,MB37,2025-10-16_15h19.12.474,online_LDT&KRT,,2025.1.1,120.9706198663714,2025-10-16 15h19.21.175559 +0900,
LDT,Target,fall,l,word,18,18,0,62,l,1,0.5194315999997343,None,,,,,0,18,18,61,75.26645770000141,,,,,,,,,,,,,,75.25946300000032,75.75021110000125,75.75021110000125,76.2762371000008,l,1,0.5194315999997343,None,76.27627360000042,76.27628480000021,,,MB37,2025-10-16_15h19.12.474,online_LDT&KRT,,2025.1.1,120.9706198663714,2025-10-16 15h19.21.175559 +0900,
LDT,Target,stap,a,nonword,19,19,0,199,a,1,0.9433809000001929,None,,,,,0,19,19,198,76.28410750000148,,,,,,,,,,,,,,76.27721290000045,76.76788579999993,76.76788579999993,77.71938090000003,a,1,0.9433809000001929,None,77.71941710000101,77.71942870000021,,,MB37,2025-10-16_15h19.12.474,online_LDT&KRT,,2025.1.1,120.9706198663714,2025-10-16 15h19.21.175559 +0900,
LDT,Target,spum,a,nonword,20,20,0,198,a,1,0.5622414999998,None,,,,,0,20,20,197,77.72719260000122,,,,,,,,,,,,,,77.7203911000015,78.21100900000056,78.21100900000056,78.77879570000005,a,1,0.5622414999998,None,78.77883050000128,78.77884150000136,,,MB37,2025-10-16_15h19.12.474,online_LDT&KRT,,2025.1.1,120.9706198663714,2025-10-16 15h19.21.175559 +0900,
LDT,Target,hass,a,nonword,21,21,0,151,a,1,0.6788510000005772,None,,,,,0,21,21,150,78.78657840000051,,,,,,,,,,,,,,78.77993580000111,79.27046520000113,79.27046520000113,79.95488130000012,a,1,0.6788510000005772,None,79.9549162000003,79.95492740000009,,,MB37,2025-10-16_15h19.12.474,online_LDT&KRT,,2025.1.1,120.9706198663714,2025-10-16 15h19.21.175559 +0900,
LDT,Target,dilt,a,nonword,22,22,0,137,a,1,0.4464716000002227,None,,,,,0,22,22,136,79.96273050000127,,,,,,,,,,,,,,79.955840300001,80.44657110000117,80.44657110000117,80.89746430000014,a,1,0.4464716000002227,None,80.89750030000141,80.89751140000044,,,MB37,2025-10-16_15h19.12.474,online_LDT&KRT,,2025.1.1,120.9706198663714,2025-10-16 15h19.21.175559 +0900,
LDT,Target,here,l,word,23,23,0,4,l,1,0.5367019999994227,None,,,,,0,23,23,3,80.90553350000118,,,,,,,,,,,,,,80.89844990000165,81.38918520000152,81.38918520000152,81.93184389999988,l,1,0.5367019999994227,None,81.93187860000035,81.93188940000073,,,MB37,2025-10-16_15h19.12.474,online_LDT&KRT,,2025.1.1,120.9706198663714,2025-10-16 15h19.21.175559 +0900,
LDT,Target,class,l,word,24,24,0,19,l,1,0.741825200000676,None,,,,,0,24,24,18,81.93978270000116,,,,,,,,,,,,,,81.9328931,82.42353540000113,82.42353540000113,83.16635920000044,l,1,0.741825200000676,None,83.16639470000155,83.16640550000011,,,MB37,2025-10-16_15h19.12.474,online_LDT&KRT,,2025.1.1,120.9706198663714,2025-10-16 15h19.21.175559 +0900,
LDT,Target,gaft,a,nonword,25,25,0,144,a,1,0.5713670999994065,None,,,,,0,25,25,143,83.17434730000059,,,,,,,,,,,,,,83.16733770000064,83.6580896000014,83.6580896000014,84.23415680000107,a,1,0.5713670999994065,None,84.23419580000154,84.23420710000028,,,MB37,2025-10-16_15h19.12.474,online_LDT&KRT,,2025.1.1,120.9706198663714,2025-10-16 15h19.21.175559 +0900,
LDT,Target,space,l,word,26,26,0,30,l,1,0.5039147000006778,None,,,,,0,26,26,29,84.24198830000023,,,,,,,,,,,,,,84.23547110000072,84.72585070000059,84.72585070000059,85.23524300000099,l,1,0.5039147000006778,None,85.23528150000129,85.23529380000036,,,MB37,2025-10-16_15h19.12.474,online_LDT&KRT,,2025.1.1,120.9706198663714,2025-10-16 15h19.21.175559 +0900,
LDT,Target,reach,l,word,27,27,0,72,l,1,0.5103863999993337,None,,,,,0,27,27,71,85.2430830000012,,,,,,,,,,,,,,85.23642400000062,85.72682110000096,85.72682110000096,86.24447600000167,l,1,0.5103863999993337,None,86.24451210000007,86.24452330000167,,,MB37,2025-10-16_15h19.12.474,online_LDT&KRT,,2025.1.1,120.9706198663714,2025-10-16 15h19.21.175559 +0900,
LDT,Target,borm,a,nonword,28,28,0,124,a,1,0.5821878000006109,None,,,,,0,28,28,123,86.25232510000023,,,,,,,,,,,,,,86.2455159000001,86.73616590000165,86.73616590000165,87.32053480000104,a,1,0.5821878000006109,None,87.32057130000067,87.32058260000122,,,MB37,2025-10-16_15h19.12.474,online_LDT&KRT,,2025.1.1,120.9706198663714,2025-10-16 15h19.21.175559 +0900,
LDT,Target,rorn,a,nonword,29,29,0,185,a,1,0.633015900000828,None,,,,,0,29,29,184,87.32848780000131,,,,,,,,,,,,,,87.32151300000078,87.81223540000065,87.81223540000065,88.44662960000096,a,1,0.633015900000828,None,88.4466650000013,88.44667650000156,,,MB37,2025-10-16_15h19.12.474,online_LDT&KRT,,2025.1.1,120.9706198663714,2025-10-16 15h19.21.175559 +0900,
LDT,Target,neep,a,nonword,30,30,0,176,a,1,0.5147436999995989,None,,,,,0,30,30,175,88.4545702000014,,,,,,,,,,,,,,88.44773050000003,88.93836160000137,88.93836160000137,89.45596560000013,a,1,0.5147436999995989,None,89.45600090000153,89.45601170000009,,,MB37,2025-10-16_15h19.12.474,online_LDT&KRT,,2025.1.1,120.9706198663714,2025-10-16 15h19.21.175559 +0900,
LDT,Target,water,l,word,31,31,0,3,l,1,0.44983549999960815,None,,,,,0,31,31,2,89.46388800000022,,,,,,,,,,,,,,89.45704770000157,89.94769470000028,89.94769470000028,90.39864210000087,l,1,0.44983549999960815,None,90.39868180000121,90.39869330000147,,,MB37,2025-10-16_15h19.12.474,online_LDT&KRT,,2025.1.1,120.9706198663714,2025-10-16 15h19.21.175559 +0900,
LDT,Target,blue,l,word,32,32,0,57,l,1,0.44338779999998224,None,,,,,0,32,32,56,90.40647020000142,,,,,,,,,,,,,,90.39962450000166,90.89028120000148,90.89028120000148,91.34121870000126,l,1,0.44338779999998224,None,91.34125390000008,91.34126540000034,,,MB37,2025-10-16_15h19.12.474,online_LDT&KRT,,2025.1.1,120.9706198663714,2025-10-16 15h19.21.175559 +0900,
LDT,Target,toas,a,nonword,33,33,0,203,a,1,0.66891779999969,None,,,,,0,33,33,202,91.34916740000153,,,,,,,,,,,,,,91.34221140000045,91.83291820000159,91.83291820000159,92.50901970000086,a,1,0.66891779999969,None,92.50905690000036,92.50906810000015,,,MB37,2025-10-16_15h19.12.474,online_LDT&KRT,,2025.1.1,120.9706198663714,2025-10-16 15h19.21.175559 +0900,
LDT,Target,club,l,word,34,34,0,64,l,1,0.48517879999963043,None,,,,,0,34,34,63,92.51699130000088,,,,,,,,,,,,,,92.51011440000002,93.00074500000119,93.00074500000119,93.4933398000012,l,1,0.48517879999963043,None,93.49337530000048,93.49338610000086,,,MB37,2025-10-16_15h19.12.474,online_LDT&KRT,,2025.1.1,120.9706198663714,2025-10-16 15h19.21.175559 +0900,
LDT,Target,trin,a,nonword,35,35,0,207,a,1,0.6458791000004567,None,,,,,0,35,35,206,93.50123350000104,,,,,,,,,,,,,,93.49428080000143,93.98506050000105,93.98506050000105,94.63611420000052,a,1,0.6458791000004567,None,94.63614970000162,94.63616060000095,,,MB37,2025-10-16_15h19.12.474,online_LDT&KRT,,2025.1.1,120.9706198663714,2025-10-16 15h19.21.175559 +0900,
LDT,Target,lill,a,nonword,36,36,0,168,a,1,0.4296849000002112,None,,,,,0,36,36,167,94.64415370000097,,,,,,,,,,,,,,94.63703450000139,95.12783410000156,95.12783410000156,95.56206580000071,a,1,0.4296849000002112,None,95.56210110000029,95.56211200000143,,,MB37,2025-10-16_15h19.12.474,online_LDT&KRT,,2025.1.1,120.9706198663714,2025-10-16 15h19.21.175559 +0900,
LDT,Target,pay,l,word,37,37,0,42,l,1,0.47929540000041015,None,,,,,0,37,37,41,95.56996160000017,,,,,,,,,,,,,,95.56297200000154,96.05377950000002,96.05377950000002,96.53805300000022,l,1,0.47929540000041015,None,96.53808890000073,96.53810000000158,,,MB37,2025-10-16_15h19.12.474,online_LDT&KRT,,2025.1.1,120.9706198663714,2025-10-16 15h19.21.175559 +0900,
LDT,Target,rees,a,nonword,38,38,0,184,a,1,0.4715097999996942,None,,,,,0,38,38,183,96.54593890000069,,,,,,,,,,,,,,96.53901050000059,97.0297180000016,97.0297180000016,97.50566390000131,a,1,0.4715097999996942,None,97.50569910000013,97.50571020000098,,,MB37,2025-10-16_15h19.12.474,online_LDT&KRT,,2025.1.1,120.9706198663714,2025-10-16 15h19.21.175559 +0900,
LDT,Target,anto,a,nonword,39,39,0,117,a,1,0.4955601999990904,None,,,,,0,39,39,116,97.5135547000009,,,,,,,,,,,,,,97.50682230000166,97.99738040000011,97.99738040000011,98.49826920000123,a,1,0.4955601999990904,None,98.49830720000136,98.49831940000149,,,MB37,2025-10-16_15h19.12.474,online_LDT&KRT,,2025.1.1,120.9706198663714,2025-10-16 15h19.21.175559 +0900,
LDT,Target,hold,l,word,40,40,0,54,l,1,0.43168209999930696,None,,,,,0,40,40,53,98.50623450000057,,,,,,,,,,,,,,98.49925200000143,98.99004090000017,98.99004090000017,99.42431490000126,l,1,0.43168209999930696,None,99.42435170000135,99.42436310000085,,,MB37,2025-10-16_15h19.12.474,online_LDT&KRT,,2025.1.1,120.9706198663714,2025-10-16 15h19.21.175559 +0900,
LDT,Target,feek,a,nonword,41,41,0,139,a,1,0.537812099999428,None,,,,,0,41,41,138,99.43227770000158,,,,,,,,,,,,,,99.42526520000138,99.91596120000031,99.91596120000031,100.45866190000015,a,1,0.537812099999428,None,100.45869889999994,100.45871000000079,,,MB37,2025-10-16_15h19.12.474,online_LDT&KRT,,2025.1.1,120.9706198663714,2025-10-16 15h19.21.175559 +0900,
LDT,Target,hage,a,nonword,42,42,0,149,a,1,0.4884816000012506,None,,,,,0,42,42,148,100.46658860000025,,,,,,,,,,,,,,100.45970350000061,100.95032830000127,100.95032830000127,101.44289630000094,a,1,0.4884816000012506,None,101.44293150000158,101.44294270000137,,,MB37,2025-10-16_15h19.12.474,online_LDT&KRT,,2025.1.1,120.9706198663714,2025-10-16 15h19.21.175559 +0900,
LDT,Target,flow,l,word,43,43,0,108,l,1,0.5184454999998707,None,,,,,0,43,43,107,101.45082360000015,,,,,,,,,,,,,,101.44386610000038,101.9346344000005,101.9346344000005,102.4605702000008,l,1,0.5184454999998707,None,102.46060780000153,102.46061900000132,,,MB37,2025-10-16_15h19.12.474,online_LDT&KRT,,2025.1.1,120.9706198663714,2025-10-16 15h19.21.175559 +0900,
LDT,Target,mina,a,nonword,44,44,0,173,a,1,0.6367164000002958,None,,,,,0,44,44,172,102.46856560000015,,,,,,,,,,,,,,102.46175080000103,102.95231270000113,102.95231270000113,103.59515749999991,a,1,0.6367164000002958,None,103.59519360000013,103.59520500000144,,,MB37,2025-10-16_15h19.12.474,online_LDT&KRT,,2025.1.1,120.9706198663714,2025-10-16 15h19.21.175559 +0900,
LDT,Target,short,l,word,45,45,0,50,l,1,0.5022772000011173,None,,,,,0,45,45,49,103.60311080000065,,,,,,,,,,,,,,103.59618709999995,104.0867599000012,104.0867599000012,104.59600339999997,l,1,0.5022772000011173,None,104.5960410000007,104.59605200000078,,,MB37,2025-10-16_15h19.12.474,online_LDT&KRT,,2025.1.1,120.9706198663714,2025-10-16 15h19.21.175559 +0900,
LDT,Target,zall,a,nonword,46,46,0,221,a,1,0.6870402000004106,None,,,,,0,46,46,220,104.60402730000169,,,,,,,,,,,,,,104.5978911000002,105.08777760000157,105.08777760000157,105.78066580000086,a,1,0.6870402000004106,None,105.78070040000057,105.78071100000125,,,MB37,2025-10-16_15h19.12.474,online_LDT&KRT,,2025.1.1,120.9706198663714,2025-10-16 15h19.21.175559 +0900,
LDT,Target,sharp,l,word,47,47,0,94,l,1,0.6129005000002508,None,,,,,0,47,47,93,105.78845830000137,,,,,,,,,,,,,,105.7817240000004,106.27229510000143,106.27229510000143,106.89007070000116,l,1,0.6129005000002508,None,106.89010690000032,106.89011840000057,,,MB37,2025-10-16_15h19.12.474,online_LDT&KRT,,2025.1.1,120.9706198663714,2025-10-16 15h19.21.175559 +0900,
LDT,Target,jight,a,nonword,48,48,0,159,a,1,0.5197110000008252,None,,,,,0,48,48,158,106.89791360000163,,,,,,,,,,,,,,106.89168450000034,107.38172330000089,107.38172330000089,107.90772360000119,a,1,0.5197110000008252,None,107.90775890000077,107.9077698000001,,,MB37,2025-10-16_15h19.12.474,online_LDT&KRT,,2025.1.1,120.9706198663714,2025-10-16 15h19.21.175559 +0900,
LDT,Target,lay,l,word,49,49,0,71,l,1,0.6300504999999248,None,,,,,0,49,49,70,107.91559779999989,,,,,,,,,,,,,,107.90858970000045,108.39941230000113,108.39941230000113,109.03383420000137,l,1,0.6300504999999248,None,109.03387050000129,109.03388200000154,,,MB37,2025-10-16_15h19.12.474,online_LDT&KRT,,2025.1.1,120.9706198663714,2025-10-16 15h19.21.175559 +0900,
LDT,Target,basp,a,nonword,50,50,0,118,a,1,0.6636392999989766,None,,,,,0,50,50,117,109.04176320000079,,,,,,,,,,,,,,109.03487660000064,109.52553050000097,109.52553050000097,110.19327430000158,a,1,0.6636392999989766,None,110.19330880000052,110.19331970000167,,,MB37,2025-10-16_15h19.12.474,online_LDT&KRT,,2025.1.1,120.9706198663714,2025-10-16 15h19.21.175559 +0900,
LDT,Target,gied,a,nonword,51,51,0,146,a,1,0.44124809999993886,None,,,,,0,51,51,145,110.20119290000002,,,,,,,,,,,,,,110.19429930000115,110.68501410000135,110.68501410000135,111.12758120000035,a,1,0.44124809999993886,None,111.12761580000006,111.12762700000167,,,MB37,2025-10-16_15h19.12.474,online_LDT&KRT,,2025.1.1,120.9706198663714,2025-10-16 15h19.21.175559 +0900,
LDT,Target,warm,l,word,52,52,0,60,l,1,0.43366409999907773,None,,,,,0,52,52,59,111.13545880000129,,,,,,,,,,,,,,111.12876080000024,111.61927530000139,111.61927530000139,112.0535544000013,l,1,0.43366409999907773,None,112.05358870000055,112.0535998000014,,,MB37,2025-10-16_15h19.12.474,online_LDT&KRT,,2025.1.1,120.9706198663714,2025-10-16 15h19.21.175559 +0900,
LDT,Target,kell,a,nonword,53,53,0,164,a,1,0.5320575000005192,None,,,,,0,53,53,163,112.06138590000046,,,,,,,,,,,,,,112.05451330000142,112.54521530000056,112.54521530000056,113.07952590000059,a,1,0.5320575000005192,None,113.07956220000051,113.07957380000153,,,MB37,2025-10-16_15h19.12.474,online_LDT&KRT,,2025.1.1,120.9706198663714,2025-10-16 15h19.21.175559 +0900,
LDT,Target,rear,l,word,54,54,0,110,l,1,0.6658955000002607,None,,,,,0,54,54,109,113.08741200000077,,,,,,,,,,,,,,113.08052700000007,113.57122870000057,113.57122870000057,114.23896050000076,l,1,0.6658955000002607,None,114.23904519999996,114.23905650000052,,,MB37,2025-10-16_15h19.12.474,online_LDT&KRT,,2025.1.1,120.9706198663714,2025-10-16 15h19.21.175559 +0900,
LDT,Target,daste,a,nonword,55,55,0,136,a,1,0.594631500000105,None,,,,,0,55,55,135,114.24690450000162,,,,,,,,,,,,,,114.24008190000131,114.7307208000002,114.7307208000002,115.33173090000128,a,1,0.594631500000105,None,115.33176580000145,115.33177670000077,,,MB37,2025-10-16_15h19.12.474,online_LDT&KRT,,2025.1.1,120.9706198663714,2025-10-16 15h19.21.175559 +0900,
LDT,Target,dass,a,nonword,56,56,0,135,a,1,0.5591390999998112,None,,,,,0,56,56,134,115.33973160000096,,,,,,,,,,,,,,115.33269700000164,115.82347330000084,115.82347330000084,116.39108130000022,a,1,0.5591390999998112,None,116.39112360000036,116.39113530000031,,,MB37,2025-10-16_15h19.12.474,online_LDT&KRT,,2025.1.1,120.9706198663714,2025-10-16 15h19.21.175559 +0900,
LDT,Target,crap,l,word,57,57,0,70,l,1,0.6268686999992497,None,,,,,0,57,57,69,116.39911740000025,,,,,,,,,,,,,,116.392382,116.88286160000098,116.88286160000098,117.51729030000024,l,1,0.6268686999992497,None,117.51732640000046,117.51733760000025,,,MB37,2025-10-16_15h19.12.474,online_LDT&KRT,,2025.1.1,120.9706198663714,2025-10-16 15h19.21.175559 +0900,
LDT,Target,heat,l,word,58,58,0,79,l,1,0.5403917000003275,None,,,,,0,58,58,78,117.52520160000131,,,,,,,,,,,,,,117.51835410000058,118.00899630000094,118.00899630000094,118.55173170000126,l,1,0.5403917000003275,None,118.55176879999999,118.55178040000101,,,MB37,2025-10-16_15h19.12.474,online_LDT&KRT,,2025.1.1,120.9706198663714,2025-10-16 15h19.21.175559 +0900,
LDT,Target,sale,l,word,59,59,0,93,l,1,0.4976406000005227,None,,,,,0,59,59,92,118.5596512000011,,,,,,,,,,,,,,118.55273390000002,119.04336300000068,119.04336300000068,119.54432970000016,l,1,0.4976406000005227,None,119.54436560000067,119.5443763000003,,,MB37,2025-10-16_15h19.12.474,online_LDT&KRT,,2025.1.1,120.9706198663714,2025-10-16 15h19.21.175559 +0900,
LDT,Target,hide,l,word,60,60,0,68,l,1,0.5775912000008248,None,,,,,0,60,60,67,119.55230200000005,,,,,,,,,,,,,,119.54532570000083,120.03600540000116,120.03600540000116,120.62034200000016,l,1,0.5775912000008248,None,120.62037940000118,120.62039080000068,,,MB37,2025-10-16_15h19.12.474,online_LDT&KRT,,2025.1.1,120.9706198663714,2025-10-16 15h19.21.175559 +0900,
LDT,Target,sish,a,nonword,61,61,0,193,a,1,0.5570745000004536,None,,,,,0,61,61,192,120.62828570000056,,,,,,,,,,,,,,120.62156839999989,121.11208020000049,121.11208020000049,121.67147650000152,a,1,0.5570745000004536,None,121.67151240000021,121.67152380000152,,,MB37,2025-10-16_15h19.12.474,online_LDT&KRT,,2025.1.1,120.9706198663714,2025-10-16 15h19.21.175559 +0900,
LDT,Target,chat,l,word,62,62,0,103,l,1,0.48319590000028256,None,,,,,0,62,62,102,121.67936430000009,,,,,,,,,,,,,,121.67251080000096,122.16312960000141,122.16312960000141,122.6473975000008,l,1,0.48319590000028256,None,122.64743369999997,122.64744770000107,,,MB37,2025-10-16_15h19.12.474,online_LDT&KRT,,2025.1.1,120.9706198663714,2025-10-16 15h19.21.175559 +0900,
LDT,Target,cled,a,nonword,63,63,0,130,a,1,0.4907082999998238,None,,,,,0,63,63,129,122.65535150000142,,,,,,,,,,,,,,122.64843030000156,123.13909450000028,123.13909450000028,123.63174160000017,a,1,0.4907082999998238,None,123.63177810000161,123.63178909999988,,,MB37,2025-10-16_15h19.12.474,online_LDT&KRT,,2025.1.1,120.9706198663714,2025-10-16 15h19.21.175559 +0900,
LDT,Target,down,l,word,64,64,0,9,l,1,0.4992725000010978,None,,,,,0,64,64,8,123.63959650000106,,,,,,,,,,,,,,123.63272360000155,124.12337810000099,124.12337810000099,124.62435570000162,l,1,0.4992725000010978,None,124.62439280000035,124.6244041000009,,,MB37,2025-10-16_15h19.12.474,online_LDT&KRT,,2025.1.1,120.9706198663714,2025-10-16 15h19.21.175559 +0900,
LDT,Target,sere,a,nonword,65,65,0,190,a,1,0.5769178999998985,None,,,,,0,65,65,189,124.63224660000014,,,,,,,,,,,,,,124.62550220000048,125.1160615000008,125.1160615000008,125.70042009999997,a,1,0.5769178999998985,None,125.70045570000002,125.70046700000057,,,MB37,2025-10-16_15h19.12.474,online_LDT&KRT,,2025.1.1,120.9706198663714,2025-10-16 15h19.21.175559 +0900,
LDT,Target,serve,l,word,66,66,0,80,l,1,0.5253869999996823,None,,,,,0,66,66,79,125.70832289999998,,,,,,,,,,,,,,125.70150180000019,126.1921196000003,126.1921196000003,126.71811789999992,l,1,0.5253869999996823,None,126.71815320000132,126.71816519999993,,,MB37,2025-10-16_15h19.12.474,online_LDT&KRT,,2025.1.1,120.9706198663714,2025-10-16 15h19.21.175559 +0900,
LDT,Target,ient,a,nonword,67,67,0,157,a,1,0.4763227999992523,None,,,,,0,67,67,156,126.72609850000117,,,,,,,,,,,,,,126.71912140000131,127.20985350000046,127.20985350000046,127.69404410000061,a,1,0.4763227999992523,None,127.69407920000049,127.6940908000015,,,MB37,2025-10-16_15h19.12.474,online_LDT&KRT,,2025.1.1,120.9706198663714,2025-10-16 15h19.21.175559 +0900,
LDT,Target,bond,l,word,68,68,0,87,l,1,0.5794054999987566,None,,,,,0,68,68,86,127.70204700000068,,,,,,,,,,,,,,127.6950095000011,128.18579350000073,128.18579350000073,128.7701332000015,l,1,0.5794054999987566,None,128.770170400001,128.77018240000143,,,MB37,2025-10-16_15h19.12.474,online_LDT&KRT,,2025.1.1,120.9706198663714,2025-10-16 15h19.21.175559 +0900,
LDT,Target,cona,a,nonword,69,69,0,132,a,1,0.8321833999998489,None,,,,,0,69,69,131,128.77811980000115,,,,,,,,,,,,,,128.77121400000033,129.26186159999997,129.26186159999997,130.09649310000168,a,1,0.8321833999998489,None,130.0965281000008,130.09654170000067,,,MB37,2025-10-16_15h19.12.474,online_LDT&KRT,,2025.1.1,120.9706198663714,2025-10-16 15h19.21.175559 +0900,
LDT,Target,snan,a,nonword,70,70,0,196,a,1,0.5145104000002902,None,,,,,0,70,70,195,130.10436650000156,,,,,,,,,,,,,,130.0976481000016,130.58818190000056,130.58818190000056,131.10579420000067,a,1,0.5145104000002902,None,131.10582880000038,131.1058395,,,MB37,2025-10-16_15h19.12.474,online_LDT&KRT,,2025.1.1,120.9706198663714,2025-10-16 15h19.21.175559 +0900,
LDT,Target,last,l,word,71,71,0,11,l,1,0.607598999999027,None,,,,,0,71,71,10,131.1136858000009,,,,,,,,,,,,,,131.10671430000002,131.59752180000032,131.59752180000032,132.20697500000097,l,1,0.607598999999027,None,132.20701230000122,132.2070231000016,,,MB37,2025-10-16_15h19.12.474,online_LDT&KRT,,2025.1.1,120.9706198663714,2025-10-16 15h19.21.175559 +0900,
LDT,Target,ran,l,word,72,72,0,66,l,1,0.7872344000006706,None,,,,,0,72,72,65,132.21478950000164,,,,,,,,,,,,,,132.20791630000167,132.69861750000018,132.69861750000018,133.49147040000025,l,1,0.7872344000006706,None,133.49150390000068,133.49151490000077,,,MB37,2025-10-16_15h19.12.474,online_LDT&KRT,,2025.1.1,120.9706198663714,2025-10-16 15h19.21.175559 +0900,
LDT,Target,sell,l,word,73,73,0,65,l,1,0.557915100000173,None,,,,,0,73,73,64,133.4994182999999,,,,,,,,,,,,,,133.49240530000134,133.98330610000085,133.98330610000085,134.54260710000017,l,1,0.557915100000173,None,134.54264599999988,134.54265660000056,,,MB37,2025-10-16_15h19.12.474,online_LDT&KRT,,2025.1.1,120.9706198663714,2025-10-16 15h19.21.175559 +0900,
LDT,Target,mize,a,nonword,74,74,0,174,a,1,0.531041300000652,None,,,,,0,74,74,173,134.5504634000008,,,,,,,,,,,,,,134.54359530000147,135.03426180000133,135.03426180000133,135.56863590000103,a,1,0.531041300000652,None,135.5686695000004,135.56868040000154,,,MB37,2025-10-16_15h19.12.474,online_LDT&KRT,,2025.1.1,120.9706198663714,2025-10-16 15h19.21.175559 +0900,
LDT,Target,plan,l,word,75,75,0,53,l,1,0.7936886999996204,None,,,,,0,75,75,52,135.57648060000065,,,,,,,,,,,,,,135.56987280000067,136.06029240000134,136.06029240000134,136.86167680000108,l,1,0.7936886999996204,None,136.8617146000015,136.8617258000013,,,MB37,2025-10-16_15h19.12.474,online_LDT&KRT,,2025.1.1,120.9706198663714,2025-10-16 15h19.21.175559 +0900,
LDT,Target,colo,a,nonword,76,76,0,131,a,1,0.5485649999991438,None,,,,,0,76,76,130,136.8695115999999,,,,,,,,,,,,,,136.86265510000158,137.35325600000033,137.35325600000033,137.90430340000057,a,1,0.5485649999991438,None,137.90433810000104,137.90434950000054,,,MB37,2025-10-16_15h19.12.474,online_LDT&KRT,,2025.1.1,120.9706198663714,2025-10-16 15h19.21.175559 +0900,
LDT,Target,ill,l,word,77,77,0,97,l,1,0.6411227999997209,None,,,,,0,77,77,96,137.9121533000016,,,,,,,,,,,,,,137.9051889000002,138.39594670000042,138.39594670000042,139.03876750000018,l,1,0.6411227999997209,None,139.03880329999993,139.0388141000003,,,MB37,2025-10-16_15h19.12.474,online_LDT&KRT,,2025.1.1,120.9706198663714,2025-10-16 15h19.21.175559 +0900,
LDT,Target,zeer,a,nonword,78,78,0,222,a,1,0.6352430999995704,None,,,,,0,78,78,221,139.0466129000015,,,,,,,,,,,,,,139.03973290000067,139.53041490000032,139.53041490000032,140.17317450000155,a,1,0.6352430999995704,None,140.17320890000155,140.1732195000004,,,MB37,2025-10-16_15h19.12.474,online_LDT&KRT,,2025.1.1,120.9706198663714,2025-10-16 15h19.21.175559 +0900,
LDT,Target,wass,a,nonword,79,79,0,215,a,1,0.7333648999992874,None,,,,,0,79,79,214,140.18107320000126,,,,,,,,,,,,,,140.174121,140.6648820999999,140.6648820999999,141.3993362000001,a,1,0.7333648999992874,None,141.39937110000028,141.39938260000054,,,MB37,2025-10-16_15h19.12.474,online_LDT&KRT,,2025.1.1,120.9706198663714,2025-10-16 15h19.21.175559 +0900,
LDT,Target,rap,l,word,80,80,0,109,l,1,0.5546525999998266,None,,,,,0,80,80,108,141.4073698000011,,,,,,,,,,,,,,141.40056300000106,141.89111680000133,141.89111680000133,142.45049240000117,l,1,0.5546525999998266,None,142.45052840000062,142.45053990000088,,,MB37,2025-10-16_15h19.12.474,online_LDT&KRT,,2025.1.1,120.9706198663714,2025-10-16 15h19.21.175559 +0900,
LDT,Target,pulk,a,nonword,81,81,0,183,a,1,0.5748991000000387,None,,,,,0,81,81,182,142.4584104000005,,,,,,,,,,,,,,142.4514487000015,142.94213920000038,142.94213920000038,143.51823420000073,a,1,0.5748991000000387,None,143.5182736000006,143.518284400001,,,MB37,2025-10-16_15h19.12.474,online_LDT&KRT,,2025.1.1,120.9706198663714,2025-10-16 15h19.21.175559 +0900,
LDT,Target,tuse,a,nonword,82,82,0,209,a,1,0.539880299998913,None,,,,,0,82,82,208,143.52605610000137,,,,,,,,,,,,,,143.51922040000136,144.00986140000168,144.00986140000168,144.5525744000006,a,1,0.539880299998913,None,144.55261240000073,144.55262330000005,,,MB37,2025-10-16_15h19.12.474,online_LDT&KRT,,2025.1.1,120.9706198663714,2025-10-16 15h19.21.175559 +0900,
LDT,Target,sound,l,word,83,83,0,40,l,1,0.4331674999993993,None,,,,,0,83,83,39,144.5604140000014,,,,,,,,,,,,,,144.55364440000085,145.04422200000045,145.04422200000045,145.47855030000028,l,1,0.4331674999993993,None,145.47858520000045,145.4785961000016,,,MB37,2025-10-16_15h19.12.474,online_LDT&KRT,,2025.1.1,120.9706198663714,2025-10-16 15h19.21.175559 +0900,
LDT,Target,wost,a,nonword,84,84,0,217,l,0,0.5076224999993428,None,,,,,0,84,84,216,145.4864733000013,,,,,,,,,,,,,,145.47969460000058,145.97017620000042,145.97017620000042,146.47953210000014,l,0,0.5076224999993428,None,146.4795668000006,146.4795774000013,,,MB37,2025-10-16_15h19.12.474,online_LDT&KRT,,2025.1.1,120.9706198663714,2025-10-16 15h19.21.175559 +0900,
LDT,Target,veek,a,nonword,85,85,0,211,a,1,0.6421897999989596,None,,,,,0,85,85,210,146.48735060000035,,,,,,,,,,,,,,146.4804849000011,146.9711686999999,146.9711686999999,147.6140073000006,a,1,0.6421897999989596,None,147.61404330000005,147.61405390000073,,,MB37,2025-10-16_15h19.12.474,online_LDT&KRT,,2025.1.1,120.9706198663714,2025-10-16 15h19.21.175559 +0900,
LDT,Target,left,l,word,86,86,0,27,l,1,0.7561289999994187,None,,,,,0,86,86,26,147.62181630000123,,,,,,,,,,,,,,147.61493510000037,148.10563110000112,148.10563110000112,148.86512070000026,l,1,0.7561289999994187,None,148.86515670000153,148.86516770000162,,,MB37,2025-10-16_15h19.12.474,online_LDT&KRT,,2025.1.1,120.9706198663714,2025-10-16 15h19.21.175559 +0900,
LDT,Target,tuke,a,nonword,87,87,0,208,a,1,0.6089102999994793,None,,,,,0,87,87,207,148.8730959000004,,,,,,,,,,,,,,148.86612380000042,149.35688110000046,149.35688110000046,149.9663139000004,a,1,0.6089102999994793,None,149.96634919999997,149.96636060000128,,,MB37,2025-10-16_15h19.12.474,online_LDT&KRT,,2025.1.1,120.9706198663714,2025-10-16 15h19.21.175559 +0900,
LDT,Target,word,l,word,88,88,0,47,l,1,0.572339500000453,None,,,,,0,88,88,46,149.9741649000007,,,,,,,,,,,,,,149.9673075999999,150.4579663000004,150.4579663000004,151.0342227000001,l,1,0.572339500000453,None,151.03425990000142,151.03427100000044,,,MB37,2025-10-16_15h19.12.474,online_LDT&KRT,,2025.1.1,120.9706198663714,2025-10-16 15h19.21.175559 +0900,
LDT,Target,sife,a,nonword,89,89,0,192,a,1,0.6073393000006035,None,,,,,0,89,89,191,151.04188910000084,,,,,,,,,,,,,,151.03540700000121,151.52570970000124,151.52570970000124,152.1351555000001,a,1,0.6073393000006035,None,152.1351908000015,152.1352020000013,,,MB37,2025-10-16_15h19.12.474,online_LDT&KRT,,2025.1.1,120.9706198663714,2025-10-16 15h19.21.175559 +0900,
LDT,Target,pack,l,word,90,90,0,76,l,1,0.5941185000010591,None,,,,,0,90,90,75,152.14297370000168,,,,,,,,,,,,,,152.13614589999997,152.62679930000013,152.62679930000013,153.227880800001,l,1,0.5941185000010591,None,153.22791610000058,153.22792690000097,,,MB37,2025-10-16_15h19.12.474,online_LDT&KRT,,2025.1.1,120.9706198663714,2025-10-16 15h19.21.175559 +0900,
LDT,Target,gips,a,nonword,91,91,0,147,a,1,0.5574096000000281,None,,,,,0,91,91,146,153.23574890000054,,,,,,,,,,,,,,153.2289032000008,153.71956620000128,153.71956620000128,154.27901050000037,a,1,0.5574096000000281,None,154.2790436000014,154.2790584000013,,,MB37,2025-10-16_15h19.12.474,online_LDT&KRT,,2025.1.1,120.9706198663714,2025-10-16 15h19.21.175559 +0900,
LDT,Target,ate,l,word,92,92,0,85,l,1,0.667082300000402,None,,,,,0,92,92,84,154.2868054999999,,,,,,,,,,,,,,154.2799429000006,154.7706128000009,154.7706128000009,155.4383740000012,l,1,0.667082300000402,None,155.43840920000002,155.43841969999994,,,MB37,2025-10-16_15h19.12.474,online_LDT&KRT,,2025.1.1,120.9706198663714,2025-10-16 15h19.21.175559 +0900,
LDT,Target,cing,a,nonword,93,93,0,127,a,1,0.5397745000009309,None,,,,,0,93,93,126,155.4462927000004,,,,,,,,,,,,,,155.43961950000084,155.93007810000017,155.93007810000017,156.47284170000057,a,1,0.5397745000009309,None,156.4728758000001,156.47288670000125,,,MB37,2025-10-16_15h19.12.474,online_LDT&KRT,,2025.1.1,120.9706198663714,2025-10-16 15h19.21.175559 +0900,
LDT,Target,green,l,word,94,94,0,38,l,1,0.5369489999993675,None,,,,,0,94,94,37,156.48063840000032,,,,,,,,,,,,,,156.4738298000011,156.96447160000025,156.96447160000025,157.5071437000006,l,1,0.5369489999993675,None,157.50717880000047,157.50718990000132,,,MB37,2025-10-16_15h19.12.474,online_LDT&KRT,,2025.1.1,120.9706198663714,2025-10-16 15h19.21.175559 +0900,
LDT,Target,yell,l,word,95,95,0,101,l,1,0.5502651000006153,None,,,,,0,95,95,100,157.51501000000098,,,,,,,,,,,,,,157.50811539999995,157.9988183000005,157.9988183000005,158.5498204000014,l,1,0.5502651000006153,None,158.54985430000124,158.54986570000074,,,MB37,2025-10-16_15h19.12.474,online_LDT&KRT,,2025.1.1,120.9706198663714,2025-10-16 15h19.21.175559 +0900,
LDT,Target,job,l,word,96,96,0,26,l,1,0.48413350000009814,None,,,,,0,96,96,25,158.55771690000074,,,,,,,,,,,,,,158.55070570000134,159.04153010000118,159.04153010000118,159.5341752000004,l,1,0.48413350000009814,None,159.53421049999997,159.53422170000158,,,MB37,2025-10-16_15h19.12.474,online_LDT&KRT,,2025.1.1,120.9706198663714,2025-10-16 15h19.21.175559 +0900,
LDT,Target,data,l,word,97,97,0,41,l,1,0.45126299999901676,None,,,,,0,97,97,40,159.54200750000018,,,,,,,,,,,,,,159.5351642000005,160.0258217999999,160.0258217999999,160.4850718000016,l,1,0.45126299999901676,None,160.48510590000114,160.48511680000047,,,MB37,2025-10-16_15h19.12.474,online_LDT&KRT,,2025.1.1,120.9706198663714,2025-10-16 15h19.21.175559 +0900,
LDT,Target,unit,l,word,98,98,0,82,l,1,0.5568466000004264,None,,,,,0,98,98,81,160.49295070000153,,,,,,,,,,,,,,160.4862677000001,160.97680010000113,160.97680010000113,161.5361412000002,l,1,0.5568466000004264,None,161.53617600000143,161.53618670000105,,,MB37,2025-10-16_15h19.12.474,online_LDT&KRT,,2025.1.1,120.9706198663714,2025-10-16 15h19.21.175559 +0900,
LDT,Target,end,l,word,99,99,0,33,l,1,0.3868220999993355,None,,,,,0,99,99,32,161.54415690000133,,,,,,,,,,,,,,161.53702770000018,162.02784260000044,162.02784260000044,162.42042530000072,l,1,0.3868220999993355,None,162.42045830000097,162.42046870000013,,,MB37,2025-10-16_15h19.12.474,online_LDT&KRT,,2025.1.1,120.9706198663714,2025-10-16 15h19.21.175559 +0900,
LDT,Target,tight,l,word,100,100,0,74,l,1,0.7421728999997868,None,,,,,0,100,100,73,162.42830700000013,,,,,,,,,,,,,,162.4215006000013,162.91205150000133,162.91205150000133,163.65498079999998,l,1,0.7421728999997868,None,163.65501630000108,163.65502689999994,,,MB37,2025-10-16_15h19.12.474,online_LDT&KRT,,2025.1.1,120.9706198663714,2025-10-16 15h19.21.175559 +0900,
LDT,Target,chase,l,word,101,101,0,86,l,1,0.4752388000015344,None,,,,,0,101,101,85,163.66284919999998,,,,,,,,,,,,,,163.65611750000062,164.14661960000012,164.14661960000012,164.62251920000017,l,1,0.4752388000015344,None,164.6225540000014,164.62256470000102,,,MB37,2025-10-16_15h19.12.474,online_LDT&KRT,,2025.1.1,120.9706198663714,2025-10-16 15h19.21.175559 +0900,
LDT,Target,boss,l,word,102,102,0,61,l,1,0.4912373999995907,None,,,,,0,102,102,60,164.63042960000166,,,,,,,,,,,,,,164.62387800000033,165.11422500000117,165.11422500000117,165.60690890000114,l,1,0.4912373999995907,None,165.60694310000144,165.60695400000077,,,MB37,2025-10-16_15h19.12.474,online_LDT&KRT,,2025.1.1,120.9706198663714,2025-10-16 15h19.21.175559 +0900,
LDT,Target,eall,a,nonword,103,103,0,138,a,1,0.6028717999997752,None,,,,,0,103,103,137,165.61475220000102,,,,,,,,,,,,,,165.6078524000004,166.09856089999994,166.09856089999994,166.70798150000155,a,1,0.6028717999997752,None,166.70801630000096,166.70802700000058,,,MB37,2025-10-16_15h19.12.474,online_LDT&KRT,,2025.1.1,120.9706198663714,2025-10-16 15h19.21.175559 +0900,
LDT,Target,sarry,a,nonword,104,104,0,186,a,1,0.5895511000016995,None,,,,,0,104,104,185,166.71585490000143,,,,,,,,,,,,,,166.70899830000053,167.19964290000098,167.19964290000098,167.79243400000087,a,1,0.5895511000016995,None,167.79246820000117,167.7924794999999,,,MB37,2025-10-16_15h19.12.474,online_LDT&KRT,,2025.1.1,120.9706198663714,2025-10-16 15h19.21.175559 +0900,
LDT,Target,vead,a,nonword,105,105,0,210,a,1,0.49692099999992934,None,,,,,0,105,105,209,167.80031260000032,,,,,,,,,,,,,,167.79346290000103,168.28407730000072,168.28407730000072,168.7850266000005,a,1,0.49692099999992934,None,168.78506110000126,168.78507190000164,,,MB37,2025-10-16_15h19.12.474,online_LDT&KRT,,2025.1.1,120.9706198663714,2025-10-16 15h19.21.175559 +0900,
LDT,Target,plue,a,nonword,106,106,0,181,a,1,0.48085570000148437,None,,,,,0,106,106,180,168.7929877000006,,,,,,,,,,,,,,168.7860821000013,169.27672490000077,169.27672490000077,169.76108110000132,a,1,0.48085570000148437,None,169.76111579999997,169.761127400001,,,MB37,2025-10-16_15h19.12.474,online_LDT&KRT,,2025.1.1,120.9706198663714,2025-10-16 15h19.21.175559 +0900,
LDT,Target,lals,a,nonword,107,107,0,167,a,1,0.4563863000003039,None,,,,,0,107,107,166,169.7689590000009,,,,,,,,,,,,,,169.7622037000001,170.25270940000155,170.25270940000155,170.71190410000054,a,1,0.4563863000003039,None,170.71198900000127,170.7120012000014,,,MB37,2025-10-16_15h19.12.474,online_LDT&KRT,,2025.1.1,120.9706198663714,2025-10-16 15h19.21.175559 +0900,
LDT,Target,flat,l,word,108,108,0,92,l,1,0.4183126000007178,None,,,,,0,108,108,91,170.71990910000022,,,,,,,,,,,,,,170.7129119000001,171.20364810000137,171.20364810000137,171.6294996000015,l,1,0.4183126000007178,None,171.6295329000004,171.62954450000143,,,MB37,2025-10-16_15h19.12.474,online_LDT&KRT,,2025.1.1,120.9706198663714,2025-10-16 15h19.21.175559 +0900,
LDT,Target,stip,a,nonword,109,109,0,200,a,1,0.733861299999262,None,,,,,0,109,109,199,171.6373863000008,,,,,,,,,,,,,,171.63044580000133,172.1211970000004,172.1211970000004,172.85572610000054,a,1,0.733861299999262,None,172.85575960000097,172.8557705000003,,,MB37,2025-10-16_15h19.12.474,online_LDT&KRT,,2025.1.1,120.9706198663714,2025-10-16 15h19.21.175559 +0900,
LDT,Target,jite,a,nonword,110,110,0,160,a,1,0.45788309999988996,None,,,,,0,110,110,159,172.86366110000017,,,,,,,,,,,,,,172.85669880000023,173.34744050000154,173.34744050000154,173.8067282000011,a,1,0.45788309999988996,None,173.80676120000135,173.80677190000097,,,MB37,2025-10-16_15h19.12.474,online_LDT&KRT,,2025.1.1,120.9706198663714,2025-10-16 15h19.21.175559 +0900,
LDT,Target,hoal,a,nonword,111,111,0,154,a,1,0.5548536000005697,None,,,,,0,111,111,153,173.81469410000136,,,,,,,,,,,,,,173.80773900000167,174.29840169999989,174.29840169999989,174.8579686000012,a,1,0.5548536000005697,None,174.8580047000014,174.85801549999996,,,MB37,2025-10-16_15h19.12.474,online_LDT&KRT,,2025.1.1,120.9706198663714,2025-10-16 15h19.21.175559 +0900,
LDT,Target,war,l,word,112,112,0,55,l,1,0.471928900000421,None,,,,,0,112,112,54,174.8656899000016,,,,,,,,,,,,,,174.85908879999988,175.34943440000097,175.34943440000097,175.8253837000011,l,1,0.471928900000421,None,175.8254168000003,175.8254276000007,,,MB37,2025-10-16_15h19.12.474,online_LDT&KRT,,2025.1.1,120.9706198663714,2025-10-16 15h19.21.175559 +0900,
LDT,Target,vour,a,nonword,113,113,0,214,a,1,0.5520793000014237,None,,,,,0,113,113,213,175.83324710000124,,,,,,,,,,,,,,175.82641050000166,176.31707290000122,176.31707290000122,176.8767613,a,1,0.5520793000014237,None,176.87679750000098,176.87680850000106,,,MB37,2025-10-16_15h19.12.474,online_LDT&KRT,,2025.1.1,120.9706198663714,2025-10-16 15h19.21.175559 +0900,
LDT,Target,long,l,word,114,114,0,6,l,1,0.48544570000012754,None,,,,,0,114,114,5,176.88431960000162,,,,,,,,,,,,,,176.87772760000007,177.36812240000108,177.36812240000108,177.86074010000084,l,1,0.48544570000012754,None,177.86077509999996,177.8607858000014,,,MB37,2025-10-16_15h19.12.474,online_LDT&KRT,,2025.1.1,120.9706198663714,2025-10-16 15h19.21.175559 +0900,
LDT,Target,pair,l,word,115,115,0,81,l,1,0.48488329999963753,None,,,,,0,115,115,80,177.8686944000001,,,,,,,,,,,,,,177.8617019000012,178.3524354000001,178.3524354000001,178.8450292000016,l,1,0.48488329999963753,None,178.8450644000004,178.84507480000138,,,MB37,2025-10-16_15h19.12.474,online_LDT&KRT,,2025.1.1,120.9706198663714,2025-10-16 15h19.21.175559 +0900,
LDT,Target,hoon,a,nonword,116,116,0,155,a,1,0.7331016999996791,None,,,,,0,116,116,154,178.85292970000046,,,,,,,,,,,,,,178.84594310000102,179.33675030000086,179.33675030000086,180.0712861000011,a,1,0.7331016999996791,None,180.07132040000033,180.07133150000118,,,MB37,2025-10-16_15h19.12.474,online_LDT&KRT,,2025.1.1,120.9706198663714,2025-10-16 15h19.21.175559 +0900,
LDT,Target,seef,a,nonword,117,117,0,187,a,1,0.675767700000506,None,,,,,0,117,117,186,180.07915950000097,,,,,,,,,,,,,,180.0724334000006,180.56295520000094,180.56295520000094,181.239237400001,a,1,0.675767700000506,None,181.23927320000075,181.23928500000147,,,MB37,2025-10-16_15h19.12.474,online_LDT&KRT,,2025.1.1,120.9706198663714,2025-10-16 15h19.21.175559 +0900,
LDT,Target,cips,a,nonword,118,118,0,128,a,1,0.4590064000003622,None,,,,,0,118,118,127,181.24699640000108,,,,,,,,,,,,,,181.24034250000113,181.73077320000084,181.73077320000084,182.19033510000008,a,1,0.4590064000003622,None,182.19037310000022,182.19038450000153,,,MB37,2025-10-16_15h19.12.474,online_LDT&KRT,,2025.1.1,120.9706198663714,2025-10-16 15h19.21.175559 +0900,
LDT,Target,kild,a,nonword,119,119,0,165,a,1,0.43543750000026193,None,,,,,0,119,119,164,182.1979076000007,,,,,,,,,,,,,,182.1912855999999,182.6817256000013,182.6817256000013,183.12445800000023,a,1,0.43543750000026193,None,183.1244921000016,187.50362870000026,,,MB37,2025-10-16_15h19.12.474,online_LDT&KRT,,2025.1.1,120.9706198663714,2025-10-16 15h19.21.175559 +0900,
LDT,Target,back,l,word,120,120,0,8,l,1,0.5458493999994971,None,,,,,0,120,120,7,187.51155700000163,,,,,,,,,,,,,,187.50458330000038,187.99537690000034,187.99537690000034,188.54644760000156,l,1,0.5458493999994971,None,188.5464821000005,188.54649390000122,,,MB37,2025-10-16_15h19.12.474,online_LDT&KRT,,2025.1.1,120.9706198663714,2025-10-16 15h19.21.175559 +0900,
LDT,Target,stort,a,nonword,121,121,0,201,a,1,0.7434804999993503,None,,,,,0,121,121,200,188.55428140000004,,,,,,,,,,,,,,188.54770730000018,189.0380911000011,189.0380911000011,189.78948050000145,a,1,0.7434804999993503,None,189.78951460000098,189.7895253000006,,,MB37,2025-10-16_15h19.12.474,online_LDT&KRT,,2025.1.1,120.9706198663714,2025-10-16 15h19.21.175559 +0900,
LDT,Target,gali,a,nonword,122,122,0,113,a,1,0.5483526999996684,None,,,,,0,122,122,112,189.79717190000156,,,,,,,,,,,,,,189.79049020000093,190.28098210000098,190.28098210000098,190.8320040000017,a,1,0.5483526999996684,None,190.83203870000034,190.83204960000148,,,MB37,2025-10-16_15h19.12.474,online_LDT&KRT,,2025.1.1,120.9706198663714,2025-10-16 15h19.21.175559 +0900,
LDT,Target,price,l,word,123,123,0,52,l,1,0.5618811000003916,None,,,,,0,123,123,51,190.8399459000011,,,,,,,,,,,,,,190.83310810000148,191.3237001000016,191.3237001000016,191.89141000000018,l,1,0.5618811000003916,None,191.89144470000065,191.89145550000103,,,MB37,2025-10-16_15h19.12.474,online_LDT&KRT,,2025.1.1,120.9706198663714,2025-10-16 15h19.21.175559 +0900,
LDT,Target,smat,a,nonword,124,124,0,195,a,1,0.9432139999989886,None,,,,,0,124,124,194,191.89926430000014,,,,,,,,,,,,,,191.89235680000093,192.38308340000003,192.38308340000003,193.33458550000068,a,1,0.9432139999989886,None,193.33466080000107,193.33468650000032,,,MB37,2025-10-16_15h19.12.474,online_LDT&KRT,,2025.1.1,120.9706198663714,2025-10-16 15h19.21.175559 +0900,
LDT,Target,few,l,word,125,125,0,18,l,1,0.4988292999987607,None,,,,,0,125,125,17,193.34250760000032,,,,,,,,,,,,,,193.335811500001,193.82619240000167,193.82619240000167,194.32715420000022,l,1,0.4988292999987607,None,194.32718730000124,194.32719810000162,,,MB37,2025-10-16_15h19.12.474,online_LDT&KRT,,2025.1.1,120.9706198663714,2025-10-16 15h19.21.175559 +0900,
LDT,Target,stop,l,word,126,126,0,44,l,1,0.4341612999996869,None,,,,,0,126,126,43,194.33509820000108,,,,,,,,,,,,,,194.32812950000152,194.81884920000084,194.81884920000084,195.2613280000005,l,1,0.4341612999996869,None,195.2613618000014,195.26137250000102,,,MB37,2025-10-16_15h19.12.474,online_LDT&KRT,,2025.1.1,120.9706198663714,2025-10-16 15h19.21.175559 +0900,
LDT,Target,cean,a,nonword,127,127,0,126,a,1,0.46781969999938156,None,,,,,0,127,127,125,195.2693629000005,,,,,,,,,,,,,,195.26228360000096,195.75309950000155,195.75309950000155,196.2291642,a,1,0.46781969999938156,None,196.22920120000163,196.22921580000002,,,MB37,2025-10-16_15h19.12.474,online_LDT&KRT,,2025.1.1,120.9706198663714,2025-10-16 15h19.21.175559 +0900,
LDT,Target,group,l,word,128,128,0,20,l,1,0.604516399998829,None,,,,,0,128,128,19,196.23693009999988,,,,,,,,,,,,,,196.230258900001,196.72071590000087,196.72071590000087,197.3300631000002,l,1,0.604516399998829,None,197.33009760000095,197.33010840000134,,,MB37,2025-10-16_15h19.12.474,online_LDT&KRT,,2025.1.1,120.9706198663714,2025-10-16 15h19.21.175559 +0900,
LDT,Target,ranny,a,nonword,129,129,0,114,a,1,0.5124630999998772,None,,,,,0,129,129,113,197.33809010000004,,,,,,,,,,,,,,197.3312930000011,197.8219396000004,197.8219396000004,198.33948020000025,a,1,0.5124630999998772,None,198.33951630000047,198.33952760000102,,,MB37,2025-10-16_15h19.12.474,online_LDT&KRT,,2025.1.1,120.9706198663714,2025-10-16 15h19.21.175559 +0900,
LDT,Target,half,l,word,130,130,0,51,l,1,0.5980443999997078,None,,,,,0,130,130,50,198.34742240000014,,,,,,,,,,,,,,198.34045340000011,198.83114150000074,198.83114150000074,199.43226200000026,l,1,0.5980443999997078,None,199.4322959000001,199.43230740000035,,,MB37,2025-10-16_15h19.12.474,online_LDT&KRT,,2025.1.1,120.9706198663714,2025-10-16 15h19.21.175559 +0900,
LDT,Target,herl,a,nonword,131,131,0,152,a,1,0.5936361999993096,None,,,,,0,131,131,151,199.44019020000087,,,,,,,,,,,,,,199.4332329000008,199.92391400000088,199.92391400000088,200.5250012000015,a,1,0.5936361999993096,None,200.52503720000095,200.5250485000015,,,MB37,2025-10-16_15h19.12.474,online_LDT&KRT,,2025.1.1,120.9706198663714,2025-10-16 15h19.21.175559 +0900,
LDT,Target,cast,l,word,132,132,0,95,l,1,0.9803928000001179,None,,,,,0,132,132,94,200.5329115000004,,,,,,,,,,,,,,200.52598340000077,201.01665090000097,201.01665090000097,202.00156050000078,l,1,0.9803928000001179,None,202.0015954999999,202.00160620000133,,,MB37,2025-10-16_15h19.12.474,online_LDT&KRT,,2025.1.1,120.9706198663714,2025-10-16 15h19.21.175559 +0900,
LDT,Target,talm,a,nonword,133,133,0,202,a,1,0.5444989999996324,None,,,,,0,133,133,201,202.0093491000007,,,,,,,,,,,,,,202.00251370000115,202.49314750000121,202.49314750000121,203.04410370000005,a,1,0.5444989999996324,None,203.04413920000115,203.04419810000036,,,MB37,2025-10-16_15h19.12.474,online_LDT&KRT,,2025.1.1,120.9706198663714,2025-10-16 15h19.21.175559 +0900,
LDT,Target,hard,l,word,134,134,0,22,l,1,0.5490667000012763,None,,,,,0,134,134,21,203.0521134999999,,,,,,,,,,,,,,203.04535800000122,203.5359736999999,203.5359736999999,204.08694260000084,l,1,0.5490667000012763,None,204.08697550000034,204.08698650000042,,,MB37,2025-10-16_15h19.12.474,online_LDT&KRT,,2025.1.1,120.9706198663714,2025-10-16 15h19.21.175559 +0900,
LDT,Target,week,l,word,135,135,0,28,l,1,0.4757310000004509,None,,,,,0,135,135,27,204.09474740000041,,,,,,,,,,,,,,204.087898400001,204.57857580000018,204.57857580000018,205.0628183000008,l,1,0.4757310000004509,None,205.06285500000013,205.06286570000157,,,MB37,2025-10-16_15h19.12.474,online_LDT&KRT,,2025.1.1,120.9706198663714,2025-10-16 15h19.21.175559 +0900,
LDT,Target,part,l,word,136,136,0,17,l,1,0.4515675000002375,None,,,,,0,136,136,16,205.07072140000128,,,,,,,,,,,,,,205.06376040000032,205.554514200001,205.554514200001,206.01375560000088,l,1,0.4515675000002375,None,206.01379560000169,206.01380690000042,,,MB37,2025-10-16_15h19.12.474,online_LDT&KRT,,2025.1.1,120.9706198663714,2025-10-16 15h19.21.175559 +0900,
LDT,Target,trag,a,nonword,137,137,0,205,a,1,0.6837825999991765,None,,,,,0,137,137,204,206.02166790000047,,,,,,,,,,,,,,206.014753200001,206.50545850000162,206.50545850000162,207.18994250000105,a,1,0.6837825999991765,None,207.18997710000076,207.18998740000097,,,MB37,2025-10-16_15h19.12.474,online_LDT&KRT,,2025.1.1,120.9706198663714,2025-10-16 15h19.21.175559 +0900,
LDT,Target,junk,l,word,138,138,0,105,a,0,0.4601286999986769,None,,,,,0,138,138,104,207.19784140000047,,,,,,,,,,,,,,207.19112060000043,207.68164510000133,207.68164510000133,208.1492425000015,a,0,0.4601286999986769,None,208.14927760000137,208.1492889000001,,,MB37,2025-10-16_15h19.12.474,online_LDT&KRT,,2025.1.1,120.9706198663714,2025-10-16 15h19.21.175559 +0900,
LDT,Target,work,l,word,139,139,0,1,l,1,0.7005635999994411,None,,,,,0,139,139,0,208.15717380000024,,,,,,,,,,,,,,208.15022820000013,208.6409556000017,208.6409556000017,209.3421672000004,l,1,0.7005635999994411,None,209.3422010000013,209.34221210000032,,,MB37,2025-10-16_15h19.12.474,online_LDT&KRT,,2025.1.1,120.9706198663714,2025-10-16 15h19.21.175559 +0900,
LDT,Target,air,l,word,140,140,0,34,l,1,0.45123419999981706,None,,,,,0,140,140,33,209.34996160000082,,,,,,,,,,,,,,209.34305510000013,209.833793400001,209.833793400001,210.29305530000056,l,1,0.45123419999981706,None,210.2930894000001,210.29310010000154,,,MB37,2025-10-16_15h19.12.474,online_LDT&KRT,,2025.1.1,120.9706198663714,2025-10-16 15h19.21.175559 +0900,
LDT,Target,loje,a,nonword,141,141,0,171,a,1,0.5161898999995174,None,,,,,0,141,141,170,210.30092500000137,,,,,,,,,,,,,,210.29395840000143,210.7847554,210.7847554,211.30243990000054,a,1,0.5161898999995174,None,211.302474600001,211.30248610000126,,,MB37,2025-10-16_15h19.12.474,online_LDT&KRT,,2025.1.1,120.9706198663714,2025-10-16 15h19.21.175559 +0900,
LDT,Target,raise,l,word,142,142,0,73,l,1,0.45070640000085405,None,,,,,0,142,142,72,211.31027920000088,,,,,,,,,,,,,,211.30347130000155,211.79421320000074,211.79421320000074,212.2532766000004,l,1,0.45070640000085405,None,212.2533108000007,212.25332210000124,,,MB37,2025-10-16_15h19.12.474,online_LDT&KRT,,2025.1.1,120.9706198663714,2025-10-16 15h19.21.175559 +0900,
LDT,Target,man,l,word,143,143,0,12,l,1,0.5083656000006158,None,,,,,0,143,143,11,212.26122040000155,,,,,,,,,,,,,,212.25437950000014,212.74503790000017,212.74503790000017,213.25433909999992,l,1,0.5083656000006158,None,213.25437330000022,213.2543837000012,,,MB37,2025-10-16_15h19.12.474,online_LDT&KRT,,2025.1.1,120.9706198663714,2025-10-16 15h19.21.175559 +0900,
LDT,Target,drove,l,word,144,144,0,90,l,1,0.6913387999993574,None,,,,,0,144,144,89,213.26221530000112,,,,,,,,,,,,,,213.25549730000057,213.74602660000164,213.74602660000164,214.43890940000165,l,1,0.6913387999993574,None,214.43894330000148,214.43895350000093,,,MB37,2025-10-16_15h19.12.474,online_LDT&KRT,,2025.1.1,120.9706198663714,2025-10-16 15h19.21.175559 +0900,
LDT,Target,beah,a,nonword,145,145,0,119,a,1,0.8027423999992607,None,,,,,0,145,145,118,214.4468351000014,,,,,,,,,,,,,,214.43994280000152,214.9306781000014,214.9306781000014,215.7400998000012,a,1,0.8027423999992607,None,215.740188400001,215.74019970000154,,,MB37,2025-10-16_15h19.12.474,online_LDT&KRT,,2025.1.1,120.9706198663714,2025-10-16 15h19.21.175559 +0900,
LDT,Target,set,l,word,146,146,0,36,l,1,0.6146776999994472,None,,,,,0,146,146,35,215.7480714000012,,,,,,,,,,,,,,215.74108510000042,216.23184020000008,216.23184020000008,216.84962180000002,l,1,0.6146776999994472,None,216.8496586000001,216.8496696000002,,,MB37,2025-10-16_15h19.12.474,online_LDT&KRT,,2025.1.1,120.9706198663714,2025-10-16 15h19.21.175559 +0900,
LDT,Target,under,l,word,147,147,0,39,l,1,0.4491701999995712,None,,,,,0,147,147,38,216.85753060000025,,,,,,,,,,,,,,216.85091199999988,217.34127700000136,217.34127700000136,217.79224820000127,l,1,0.4491701999995712,None,217.7922821000011,217.79229269999996,,,MB37,2025-10-16_15h19.12.474,online_LDT&KRT,,2025.1.1,120.9706198663714,2025-10-16 15h19.21.175559 +0900,
LDT,Target,read,l,word,148,148,0,31,l,1,0.4980943999998999,None,,,,,0,148,148,30,217.80003990000114,,,,,,,,,,,,,,217.79329600000165,218.2838883000004,218.2838883000004,218.78478410000025,l,1,0.4980943999998999,None,218.78481940000165,218.78483130000131,,,MB37,2025-10-16_15h19.12.474,online_LDT&KRT,,2025.1.1,120.9706198663714,2025-10-16 15h19.21.175559 +0900,
LDT,Target,mutch,a,nonword,149,149,0,175,l,0,0.8488968000001478,None,,,,,0,149,149,174,218.79271280000103,,,,,,,,,,,,,,218.78589190000093,219.27660190000097,219.27660190000097,220.1278725000011,l,0,0.8488968000001478,None,220.12790630000018,220.12792050000098,,,MB37,2025-10-16_15h19.12.474,online_LDT&KRT,,2025.1.1,120.9706198663714,2025-10-16 15h19.21.175559 +0900,
LDT,Target,toop,a,nonword,150,150,0,204,a,1,1.217979799999739,None,,,,,0,150,150,203,220.13584390000142,,,,,,,,,,,,,,220.128851200001,220.61961790000169,220.61961790000169,221.84618690000025,a,1,1.217979799999739,None,221.84622180000042,221.8462324000011,,,MB37,2025-10-16_15h19.12.474,online_LDT&KRT,,2025.1.1,120.9706198663714,2025-10-16 15h19.21.175559 +0900,
LDT,Target,yast,a,nonword,151,151,0,218,a,1,0.6592808000004879,None,,,,,0,151,151,217,221.85409160000017,,,,,,,,,,,,,,221.84732609999992,222.33789780000006,222.33789780000006,223.00572600000123,a,1,0.6592808000004879,None,223.00575850000132,223.00576929999988,,,MB37,2025-10-16_15h19.12.474,online_LDT&KRT,,2025.1.1,120.9706198663714,2025-10-16 15h19.21.175559 +0900,
LDT,Target,full,l,word,152,152,0,43,l,1,0.6518851000000723,None,,,,,0,152,152,42,223.01362490000065,,,,,,,,,,,,,,223.0066284000004,223.49740380000003,223.49740380000003,224.15694640000038,l,1,0.6518851000000723,None,224.1569829,224.1569939000001,,,MB37,2025-10-16_15h19.12.474,online_LDT&KRT,,2025.1.1,120.9706198663714,2025-10-16 15h19.21.175559 +0900,
LDT,Target,wake,l,word,153,153,0,63,l,1,0.7812169000007998,None,,,,,0,153,153,62,224.1648623000001,,,,,,,,,,,,,,224.15795930000058,224.64856000000145,224.64856000000145,225.43330160000005,l,1,0.7812169000007998,None,225.43333750000056,225.4333483999999,,,MB37,2025-10-16_15h19.12.474,online_LDT&KRT,,2025.1.1,120.9706198663714,2025-10-16 15h19.21.175559 +0900,
LDT,Target,still,l,word,154,154,0,14,l,1,0.4643818000004103,None,,,,,0,154,154,13,225.44101540000156,,,,,,,,,,,,,,225.43426570000156,225.92481250000128,225.92481250000128,226.39241890000085,l,1,0.4643818000004103,None,226.39245160000064,226.39246170000115,,,MB37,2025-10-16_15h19.12.474,online_LDT&KRT,,2025.1.1,120.9706198663714,2025-10-16 15h19.21.175559 +0900,
LDT,Target,boom,l,word,155,155,0,96,l,1,0.5134422999999515,None,,,,,0,155,155,95,226.40037290000146,,,,,,,,,,,,,,226.39336080000066,226.88411580000138,226.88411580000138,227.40171590000136,l,1,0.5134422999999515,None,227.40175030000137,227.40176109999993,,,MB37,2025-10-16_15h19.12.474,online_LDT&KRT,,2025.1.1,120.9706198663714,2025-10-16 15h19.21.175559 +0900,
LDT,Target,shoa,a,nonword,156,156,0,191,a,1,0.4803282000011677,None,,,,,0,156,156,190,227.40964170000007,,,,,,,,,,,,,,227.40319980000095,227.89346389999992,227.89346389999992,228.37781580000046,a,1,0.4803282000011677,None,228.37785350000013,228.37786440000127,,,MB37,2025-10-16_15h19.12.474,online_LDT&KRT,,2025.1.1,120.9706198663714,2025-10-16 15h19.21.175559 +0900,
LDT,Target,area,l,word,157,157,0,49,l,1,0.5041619000003266,None,,,,,0,157,157,48,228.38573500000166,,,,,,,,,,,,,,228.37882420000096,228.86941790000128,228.86941790000128,229.37869760000103,l,1,0.5041619000003266,None,229.3787306000013,229.37874160000138,,,MB37,2025-10-16_15h19.12.474,online_LDT&KRT,,2025.1.1,120.9706198663714,2025-10-16 15h19.21.175559 +0900,
LDT,Target,werd,a,nonword,158,158,0,216,l,0,0.7509765999984666,None,,,,,0,158,158,215,229.38667970000097,,,,,,,,,,,,,,229.37974730000133,229.8704503000008,229.8704503000008,230.63000030000148,l,0,0.7509765999984666,None,230.63003460000073,230.6300454000011,,,MB37,2025-10-16_15h19.12.474,online_LDT&KRT,,2025.1.1,120.9706198663714,2025-10-16 15h19.21.175559 +0900,
LDT,Target,strip,l,word,159,159,0,104,l,1,0.8040889999992942,None,,,,,0,159,159,103,230.63792439999997,,,,,,,,,,,,,,230.63102310000068,231.12168330000168,231.12168330000168,231.9311727000004,l,1,0.8040889999992942,None,231.93120650000128,231.9312184999999,,,MB37,2025-10-16_15h19.12.474,online_LDT&KRT,,2025.1.1,120.9706198663714,2025-10-16 15h19.21.175559 +0900,
LDT,Target,come,l,word,160,160,0,7,l,1,0.5740575999989233,None,,,,,0,160,160,6,231.9391617000001,,,,,,,,,,,,,,231.93238999999994,232.4229647000011,232.4229647000011,232.99893330000123,l,1,0.5740575999989233,None,232.99897020000026,232.99898050000047,,,MB37,2025-10-16_15h19.12.474,online_LDT&KRT,,2025.1.1,120.9706198663714,2025-10-16 15h19.21.175559 +0900,
LDT,Target,gord,a,nonword,161,161,0,148,a,1,0.5709115000008751,None,,,,,0,161,161,147,233.00696460000108,,,,,,,,,,,,,,232.9999387000007,233.49070070000016,233.49070070000016,234.06673630000114,a,1,0.5709115000008751,None,234.06677060000038,234.0667813,,,MB37,2025-10-16_15h19.12.474,online_LDT&KRT,,2025.1.1,120.9706198663714,2025-10-16 15h19.21.175559 +0900,
LDT,Target,spag,a,nonword,162,162,0,197,a,1,0.5350376000005781,None,,,,,0,162,162,196,234.07462029999988,,,,,,,,,,,,,,234.06776690000152,234.55842080000002,234.55842080000002,235.10110540000096,a,1,0.5350376000005781,None,235.101138,235.10114950000025,,,MB37,2025-10-16_15h19.12.474,online_LDT&KRT,,2025.1.1,120.9706198663714,2025-10-16 15h19.21.175559 +0900,
LDT,Target,fere,a,nonword,163,163,0,140,a,1,0.7961681999986467,None,,,,,0,163,163,139,235.10898240000097,,,,,,,,,,,,,,235.10202190000018,235.59279570000035,235.59279570000035,236.39401610000095,a,1,0.7961681999986467,None,236.39404940000168,236.39406020000024,,,MB37,2025-10-16_15h19.12.474,online_LDT&KRT,,2025.1.1,120.9706198663714,2025-10-16 15h19.21.175559 +0900,
LDT,Target,vink,a,nonword,164,164,0,212,a,1,0.5194523000009212,None,,,,,0,164,164,211,236.40193940000063,,,,,,,,,,,,,,236.39524130000063,236.88574960000005,236.88574960000005,237.41183030000138,a,1,0.5194523000009212,None,237.41186670000025,237.41187730000092,,,MB37,2025-10-16_15h19.12.474,online_LDT&KRT,,2025.1.1,120.9706198663714,2025-10-16 15h19.21.175559 +0900,
LDT,Target,nind,a,nonword,165,165,0,177,a,1,0.4625797999997303,None,,,,,0,165,165,176,237.4196133000005,,,,,,,,,,,,,,237.4127868000014,237.9034147000002,237.9034147000002,238.37098680000054,a,1,0.4625797999997303,None,238.37102050000067,238.37103100000058,,,MB37,2025-10-16_15h19.12.474,online_LDT&KRT,,2025.1.1,120.9706198663714,2025-10-16 15h19.21.175559 +0900,
LDT,Target,music,l,word,166,166,0,13,l,1,0.5825263999995514,None,,,,,0,166,166,12,238.37897260000136,,,,,,,,,,,,,,238.37204500000007,238.8627188999999,238.8627188999999,239.4470039000007,l,1,0.5825263999995514,None,239.44703800000025,239.4470487000017,,,MB37,2025-10-16_15h19.12.474,online_LDT&KRT,,2025.1.1,120.9706198663714,2025-10-16 15h19.21.175559 +0900,
LDT,Target,brone,a,nonword,167,167,0,125,a,1,0.6504041000007419,None,,,,,0,167,167,124,239.45510510000167,,,,,,,,,,,,,,239.4480005000005,239.93879030000062,239.93879030000062,240.5898928000006,a,1,0.6504041000007419,None,240.58992610000132,240.58993670000018,,,MB37,2025-10-16_15h19.12.474,online_LDT&KRT,,2025.1.1,120.9706198663714,2025-10-16 15h19.21.175559 +0900,
LDT,Target,kear,a,nonword,168,168,0,163,a,1,0.4757854999988922,None,,,,,0,168,168,162,240.5977840000014,,,,,,,,,,,,,,240.59105630000158,241.0816055000014,241.0816055000014,241.5659183000007,a,1,0.4757854999988922,None,241.565952500001,241.5659682000005,,,MB37,2025-10-16_15h19.12.474,online_LDT&KRT,,2025.1.1,120.9706198663714,2025-10-16 15h19.21.175559 +0900,
LDT,Target,pahe,a,nonword,169,169,0,178,a,1,0.45159609999973327,None,,,,,0,169,169,177,241.57372410000062,,,,,,,,,,,,,,241.56689280000137,242.05757350000022,242.05757350000022,242.51676810000026,a,1,0.45159609999973327,None,242.5168035000006,242.5168145000007,,,MB37,2025-10-16_15h19.12.474,online_LDT&KRT,,2025.1.1,120.9706198663714,2025-10-16 15h19.21.175559 +0900,
LDT,Target,yeep,a,nonword,170,170,0,219,a,1,0.6207918000000063,None,,,,,0,170,170,218,242.52472320000015,,,,,,,,,,,,,,242.5177289000003,243.00852490000034,243.00852490000034,243.63455390000126,a,1,0.6207918000000063,None,243.63458750000063,243.63459850000072,,,MB37,2025-10-16_15h19.12.474,online_LDT&KRT,,2025.1.1,120.9706198663714,2025-10-16 15h19.21.175559 +0900,
LDT,Target,rent,l,word,171,171,0,84,l,1,0.5986845000006724,None,,,,,0,171,171,83,243.64259579999998,,,,,,,,,,,,,,243.63547050000125,244.1262956999999,244.1262956999999,244.72750780000024,l,1,0.5986845000006724,None,244.72754440000062,244.7275550000013,,,MB37,2025-10-16_15h19.12.474,online_LDT&KRT,,2025.1.1,120.9706198663714,2025-10-16 15h19.21.175559 +0900,
LDT,Target,dry,l,word,172,172,0,77,l,1,0.6105154999986553,None,,,,,0,172,172,76,244.73522709999997,,,,,,,,,,,,,,244.7284706999999,245.2190425000008,245.2190425000008,245.83677930000158,l,1,0.6105154999986553,None,245.83681330000036,245.83682399999998,,,MB37,2025-10-16_15h19.12.474,online_LDT&KRT,,2025.1.1,120.9706198663714,2025-10-16 15h19.21.175559 +0900,
LDT,Target,media,l,word,173,173,0,46,l,1,0.7571411000008084,None,,,,,0,173,173,45,245.84467760000007,,,,,,,,,,,,,,245.83802410000135,246.3284717000006,246.3284717000006,247.0880305999999,l,1,0.7571411000008084,None,247.08806379999987,247.08807479999996,,,MB37,2025-10-16_15h19.12.474,online_LDT&KRT,,2025.1.1,120.9706198663714,2025-10-16 15h19.21.175559 +0900,
LDT,Target,burz,a,nonword,174,174,0,112,a,1,0.5692765000003419,None,,,,,0,174,174,111,247.09598150000056,,,,,,,,,,,,,,247.0889915000007,247.57974120000108,247.57974120000108,248.15581980000024,a,1,0.5692765000003419,None,248.15585480000118,248.15586540000004,,,MB37,2025-10-16_15h19.12.474,online_LDT&KRT,,2025.1.1,120.9706198663714,2025-10-16 15h19.21.175559 +0900,
LDT,Target,vome,a,nonword,175,175,0,213,a,1,0.4782623999999487,None,,,,,0,175,175,212,248.16371840000102,,,,,,,,,,,,,,248.15680950000024,248.64744020000035,248.64744020000035,249.13164720000168,a,1,0.4782623999999487,None,249.13168080000105,249.13174510000135,,,MB37,2025-10-16_15h19.12.474,online_LDT&KRT,,2025.1.1,120.9706198663714,2025-10-16 15h19.21.175559 +0900,
LDT,Target,trip,l,word,176,176,0,35,l,1,0.5503733000005013,None,,,,,0,176,176,34,249.13969850000103,,,,,,,,,,,,,,249.13268250000147,249.6234454000005,249.6234454000005,250.1745460000002,l,1,0.5503733000005013,None,250.17458179999994,250.17459240000062,,,MB37,2025-10-16_15h19.12.474,online_LDT&KRT,,2025.1.1,120.9706198663714,2025-10-16 15h19.21.175559 +0900,
LDT,Target,seft,a,nonword,177,177,0,188,a,1,0.5553330000002461,None,,,,,0,177,177,187,250.18233510000027,,,,,,,,,,,,,,250.17547809999996,250.66612290000012,250.66612290000012,251.22551310000017,a,1,0.5553330000002461,None,251.2255466000006,251.22556130000157,,,MB37,2025-10-16_15h19.12.474,online_LDT&KRT,,2025.1.1,120.9706198663714,2025-10-16 15h19.21.175559 +0900,
LDT,Target,juck,a,nonword,178,178,0,161,a,1,0.47217300000011164,None,,,,,0,178,178,160,251.23339110000052,,,,,,,,,,,,,,251.2266896000001,251.71720280000045,251.71720280000045,252.19312830000126,a,1,0.47217300000011164,None,252.19316250000156,252.1931734000009,,,MB37,2025-10-16_15h19.12.474,online_LDT&KRT,,2025.1.1,120.9706198663714,2025-10-16 15h19.21.175559 +0900,
LDT,Target,flen,a,nonword,179,179,0,141,a,1,0.42424229999960517,None,,,,,0,179,179,140,252.2010781000008,,,,,,,,,,,,,,252.1940383000001,252.68481900000006,252.68481900000006,253.11086260000047,a,1,0.42424229999960517,None,253.11090050000166,253.11091100000158,,,MB37,2025-10-16_15h19.12.474,online_LDT&KRT,,2025.1.1,120.9706198663714,2025-10-16 15h19.21.175559 +0900,
LDT,Target,grew,l,word,180,180,0,89,l,1,0.8268769000005705,None,,,,,0,180,180,88,253.1185897000014,,,,,,,,,,,,,,253.11189190000005,253.60240980000162,253.60240980000162,254.43705920000139,l,1,0.8268769000005705,None,254.4370925000003,254.43710250000004,,,MB37,2025-10-16_15h19.12.474,online_LDT&KRT,,2025.1.1,120.9706198663714,2025-10-16 15h19.21.175559 +0900,
LDT,Target,beon,a,nonword,181,181,0,120,a,1,0.5087509000004502,None,,,,,0,181,181,119,254.44498300000123,,,,,,,,,,,,,,254.43795470000077,254.92873260000124,254.92873260000124,255.4381392000014,a,1,0.5087509000004502,None,255.43817280000076,255.43818340000144,,,MB37,2025-10-16_15h19.12.474,online_LDT&KRT,,2025.1.1,120.9706198663714,2025-10-16 15h19.21.175559 +0900,
LDT,Target,pook,a,nonword,182,182,0,182,a,1,0.5716456000009202,None,,,,,0,182,182,181,255.44602880000093,,,,,,,,,,,,,,255.43908620000002,255.9297211000012,255.9297211000012,256.5057959000005,a,1,0.5716456000009202,None,256.50583000000006,256.50584080000044,,,MB37,2025-10-16_15h19.12.474,online_LDT&KRT,,2025.1.1,120.9706198663714,2025-10-16 15h19.21.175559 +0900,
LDT,Target,art,l,word,183,183,0,15,l,1,0.6801894000000175,None,,,,,0,183,183,14,256.5137110000014,,,,,,,,,,,,,,256.5068994000012,256.9974540000003,256.9974540000003,257.68200120000074,l,1,0.6801894000000175,None,257.6820359000012,257.68204760000117,,,MB37,2025-10-16_15h19.12.474,online_LDT&KRT,,2025.1.1,120.9706198663714,2025-10-16 15h19.21.175559 +0900,
LDT,Target,darb,a,nonword,184,184,0,134,a,1,0.4730909000008978,None,,,,,0,184,184,133,257.6898110000002,,,,,,,,,,,,,,257.68308060000163,258.17360180000105,258.17360180000105,258.649536500001,a,1,0.4730909000008978,None,258.6495700000014,258.6495810000015,,,MB37,2025-10-16_15h19.12.474,online_LDT&KRT,,2025.1.1,120.9706198663714,2025-10-16 15h19.21.175559 +0900,
LDT,Target,mears,a,nonword,185,185,0,172,a,1,0.47305319999941275,None,,,,,0,185,185,171,258.6574130000008,,,,,,,,,,,,,,258.6505664000015,259.14125630000126,259.14125630000126,259.61714440000105,a,1,0.47305319999941275,None,259.61717750000025,259.61718810000093,,,MB37,2025-10-16_15h19.12.474,online_LDT&KRT,,2025.1.1,120.9706198663714,2025-10-16 15h19.21.175559 +0900,
LDT,Target,name,l,word,186,186,0,32,l,1,0.5761397999995097,None,,,,,0,186,186,31,259.6250721000015,,,,,,,,,,,,,,259.61805820000154,260.1088926000011,260.1088926000011,260.6932534000007,l,1,0.5761397999995097,None,260.6932876999999,260.69329910000124,,,MB37,2025-10-16_15h19.12.474,online_LDT&KRT,,2025.1.1,120.9706198663714,2025-10-16 15h19.21.175559 +0900,
LDT,Target,berm,a,nonword,187,187,0,121,a,1,0.44477269999879354,None,,,,,0,187,187,120,260.7011409000006,,,,,,,,,,,,,,260.6944644000014,261.1849594000014,261.1849594000014,261.63580210000146,a,1,0.44477269999879354,None,261.6358357000008,261.6358463000015,,,MB37,2025-10-16_15h19.12.474,online_LDT&KRT,,2025.1.1,120.9706198663714,2025-10-16 15h19.21.175559 +0900,
LDT,Target,biss,a,nonword,188,188,0,123,a,1,0.5257903999990958,None,,,,,0,188,188,122,261.64389420000043,,,,,,,,,,,,,,261.63675390000026,262.1275712000006,262.1275712000006,262.66189100000156,a,1,0.5257903999990958,None,262.66192500000034,262.66193550000025,,,MB37,2025-10-16_15h19.12.474,online_LDT&KRT,,2025.1.1,120.9706198663714,2025-10-16 15h19.21.175559 +0900,
LDT,Target,coss,a,nonword,189,189,0,133,a,1,0.5553870000003371,None,,,,,0,189,189,132,262.66976220000106,,,,,,,,,,,,,,262.66286240000045,263.15358340000057,263.15358340000057,263.7131244000011,a,1,0.5553870000003371,None,263.71316150000166,263.713172400001,,,MB37,2025-10-16_15h19.12.474,online_LDT&KRT,,2025.1.1,120.9706198663714,2025-10-16 15h19.21.175559 +0900,
LDT,Target,spy,l,word,190,190,0,99,a,0,0.4323495999997249,None,,,,,0,190,190,98,263.7208171000002,,,,,,,,,,,,,,263.7141191999999,264.2046392000011,264.2046392000011,264.63892880000094,a,0,0.4323495999997249,None,264.6389646000007,264.63897570000154,,,MB37,2025-10-16_15h19.12.474,online_LDT&KRT,,2025.1.1,120.9706198663714,2025-10-16 15h19.21.175559 +0900,
LDT,Target,buy,l,word,191,191,0,25,l,1,0.6267273999983445,None,,,,,0,191,191,24,264.64680790000057,,,,,,,,,,,,,,264.63982960000067,265.1305673000006,265.1305673000006,265.76494320000165,l,1,0.6267273999983445,None,265.7649777000006,265.7649887000007,,,MB37,2025-10-16_15h19.12.474,online_LDT&KRT,,2025.1.1,120.9706198663714,2025-10-16 15h19.21.175559 +0900,
LDT,Target,hear,l,word,192,192,0,37,l,1,0.5966126999992412,None,,,,,0,192,192,36,265.77290170000015,,,,,,,,,,,,,,265.7662366000004,266.2566639000015,266.2566639000015,266.85781300000053,l,1,0.5966126999992412,None,266.85784690000037,266.85785790000045,,,MB37,2025-10-16_15h19.12.474,online_LDT&KRT,,2025.1.1,120.9706198663714,2025-10-16 15h19.21.175559 +0900,
LDT,Target,huge,l,word,193,193,0,56,l,1,0.5847259000001941,None,,,,,0,193,193,55,266.8656058000015,,,,,,,,,,,,,,266.85883170000125,267.34942020000017,267.34942020000017,267.9421418000002,l,1,0.5847259000001941,None,267.94217800000115,267.94218850000107,,,MB37,2025-10-16_15h19.12.474,online_LDT&KRT,,2025.1.1,120.9706198663714,2025-10-16 15h19.21.175559 +0900,
LDT,Target,slim,l,word,194,194,0,111,l,1,0.5089862999993784,None,,,,,0,194,194,110,267.9500321000014,,,,,,,,,,,,,,267.9430364,268.43399000000136,268.43399000000136,268.9515123000001,l,1,0.5089862999993784,None,268.95154510000066,268.9515558000003,,,MB37,2025-10-16_15h19.12.474,online_LDT&KRT,,2025.1.1,120.9706198663714,2025-10-16 15h19.21.175559 +0900,
LDT,Target,live,l,word,195,195,0,24,l,1,0.4582141999999294,None,,,,,0,195,195,23,268.95943720000105,,,,,,,,,,,,,,268.95253420000154,269.443193000001,269.443193000001,269.9024319,l,1,0.4582141999999294,None,269.9024685000004,269.90247940000154,,,MB37,2025-10-16_15h19.12.474,online_LDT&KRT,,2025.1.1,120.9706198663714,2025-10-16 15h19.21.175559 +0900,
LDT,Target,bint,a,nonword,196,196,0,122,a,1,0.5875343999996403,None,,,,,0,196,196,121,269.9103920000016,,,,,,,,,,,,,,269.90371380000033,270.39411910000126,270.39411910000126,270.9868260000003,a,1,0.5875343999996403,None,270.9868608000015,270.9868714000004,,,MB37,2025-10-16_15h19.12.474,online_LDT&KRT,,2025.1.1,120.9706198663714,2025-10-16 15h19.21.175559 +0900,
LDT,Target,stad,a,nonword,197,197,0,116,a,1,0.5512276000008569,None,,,,,0,197,197,115,270.99472720000085,,,,,,,,,,,,,,270.98778070000117,271.4785640000009,271.4785640000009,272.03787640000155,a,1,0.5512276000008569,None,272.0379102000006,272.03792050000084,,,MB37,2025-10-16_15h19.12.474,online_LDT&KRT,,2025.1.1,120.9706198663714,2025-10-16 15h19.21.175559 +0900,
LDT,Target,high,l,word,198,198,0,16,l,1,0.5002786999993987,None,,,,,0,198,198,15,272.0458558999999,,,,,,,,,,,,,,272.0388673000016,272.5295850000002,272.5295850000002,273.0306552000002,l,1,0.5002786999993987,None,273.03069160000086,273.03070260000095,,,MB37,2025-10-16_15h19.12.474,online_LDT&KRT,,2025.1.1,120.9706198663714,2025-10-16 15h19.21.175559 +0900,
LDT,Target,haro,a,nonword,199,199,0,150,a,1,0.7153581000002305,None,,,,,0,199,199,149,273.0385042000016,,,,,,,,,,,,,,273.03167790000043,273.52225830000134,273.52225830000134,274.24006440000085,a,1,0.7153581000002305,None,274.24009860000115,274.24010930000077,,,MB37,2025-10-16_15h19.12.474,online_LDT&KRT,,2025.1.1,120.9706198663714,2025-10-16 15h19.21.175559 +0900,
LDT,Target,food,l,word,200,200,0,5,l,1,0.7453421999998682,None,,,,,0,200,200,4,274.24803190000057,,,,,,,,,,,,,,274.2412146000006,274.7317955000017,274.7317955000017,275.48294520000127,l,1,0.7453421999998682,None,275.4829789000014,275.48304350000035,,,MB37,2025-10-16_15h19.12.474,online_LDT&KRT,,2025.1.1,120.9706198663714,2025-10-16 15h19.21.175559 +0900,
LDT,Target,pess,a,nonword,201,201,0,180,a,1,0.4792154999995546,None,,,,,0,201,201,179,275.4909086000007,,,,,,,,,,,,,,275.4839574000016,275.97469940000155,275.97469940000155,276.4588453000015,a,1,0.4792154999995546,None,276.45888860000014,276.4588995000013,,,MB37,2025-10-16_15h19.12.474,online_LDT&KRT,,2025.1.1,120.9706198663714,2025-10-16 15h19.21.175559 +0900,
LDT,Target,party,l,word,202,202,0,59,l,1,0.4783251000008022,None,,,,,0,202,202,58,276.46691980000105,,,,,,,,,,,,,,276.459965,276.95066490000136,276.95066490000136,277.4349568000016,l,1,0.4783251000008022,None,277.43499090000114,277.43500160000076,,,MB37,2025-10-16_15h19.12.474,online_LDT&KRT,,2025.1.1,120.9706198663714,2025-10-16 15h19.21.175559 +0900,
LDT,Target,hork,a,nonword,203,203,0,156,a,1,0.5430097000007663,None,,,,,0,203,203,155,277.44287130000157,,,,,,,,,,,,,,277.4359411000005,277.92664120000154,277.92664120000154,278.47763010000017,a,1,0.5430097000007663,None,278.4776653000008,278.4776793000001,,,MB37,2025-10-16_15h19.12.474,online_LDT&KRT,,2025.1.1,120.9706198663714,2025-10-16 15h19.21.175559 +0900,
LDT,Target,large,l,word,204,204,0,29,l,1,0.44417889999931504,None,,,,,0,204,204,28,278.48552870000094,,,,,,,,,,,,,,278.4789462000008,278.9693385999999,278.9693385999999,279.42024970000057,l,1,0.44417889999931504,None,279.42028310000023,279.4202937000009,,,MB37,2025-10-16_15h19.12.474,online_LDT&KRT,,2025.1.1,120.9706198663714,2025-10-16 15h19.21.175559 +0900,
LDT,Target,cire,a,nonword,205,205,0,129,a,1,0.4849658000002819,None,,,,,0,205,205,128,279.4282053000006,,,,,,,,,,,,,,279.4212927000008,279.9119552000011,279.9119552000011,280.4044825000001,a,1,0.4849658000002819,None,280.40451550000034,280.4045263000007,,,MB37,2025-10-16_15h19.12.474,online_LDT&KRT,,2025.1.1,120.9706198663714,2025-10-16 15h19.21.175559 +0900,
LDT,Target,sloy,a,nonword,206,206,0,194,a,1,0.5174687999988237,None,,,,,0,206,206,193,280.4124862000008,,,,,,,,,,,,,,280.40542950000054,280.8962352000017,280.8962352000017,281.42226980000123,a,1,0.5174687999988237,None,281.42230390000077,281.4223150000016,,,MB37,2025-10-16_15h19.12.474,online_LDT&KRT,,2025.1.1,120.9706198663714,2025-10-16 15h19.21.175559 +0900,
LDT,Target,tour,l,word,207,207,0,88,l,1,0.595250300000771,None,,,,,0,207,207,87,281.43035210000016,,,,,,,,,,,,,,281.4232426000017,281.9139935000003,281.9139935000003,282.51504380000006,l,1,0.595250300000771,None,282.51507980000133,282.5150908000014,,,MB37,2025-10-16_15h19.12.474,online_LDT&KRT,,2025.1.1,120.9706198663714,2025-10-16 15h19.21.175559 +0900,
LDT,Target,kang,a,nonword,208,208,0,162,a,1,0.4782601999995677,None,,,,,0,208,208,161,282.5229403000012,,,,,,,,,,,,,,282.5165751000004,283.0067048000001,283.0067048000001,283.49093940000057,a,1,0.4782601999995677,None,283.49097190000066,283.49098290000074,,,MB37,2025-10-16_15h19.12.474,online_LDT&KRT,,2025.1.1,120.9706198663714,2025-10-16 15h19.21.175559 +0900,
LDT,Target,gray,l,word,209,209,0,98,l,1,0.391813700000057,None,,,,,0,209,209,97,283.49892530000034,,,,,,,,,,,,,,283.4918748,283.9826710000016,283.9826710000016,284.37518510000154,l,1,0.391813700000057,None,284.3752187000009,284.37523000000147,,,MB37,2025-10-16_15h19.12.474,online_LDT&KRT,,2025.1.1,120.9706198663714,2025-10-16 15h19.21.175559 +0900,
LDT,Target,jeed,a,nonword,210,210,0,158,a,1,0.4660617000008642,None,,,,,0,210,210,157,284.3830405000008,,,,,,,,,,,,,,284.376086100001,284.8669281000002,284.8669281000002,285.33449629999996,a,1,0.4660617000008642,None,285.3345289000008,285.33454040000106,,,MB37,2025-10-16_15h19.12.474,online_LDT&KRT,,2025.1.1,120.9706198663714,2025-10-16 15h19.21.175559 +0900,
LDT,Target,sad,l,word,211,211,0,69,l,1,0.5076026000006095,None,,,,,0,211,211,68,285.34241140000086,,,,,,,,,,,,,,285.33546190000015,285.8261757,285.8261757,286.33537630000137,l,1,0.5076026000006095,None,286.33540840000023,286.3354192000006,,,MB37,2025-10-16_15h19.12.474,online_LDT&KRT,,2025.1.1,120.9706198663714,2025-10-16 15h19.21.175559 +0900,
LDT,Target,year,l,word,212,212,0,10,l,1,0.48977759999979753,None,,,,,0,212,212,9,286.3434262999999,,,,,,,,,,,,,,286.33640880000166,286.82717930000035,286.82717930000035,287.3198233000003,l,1,0.48977759999979753,None,287.3198613000004,287.31987200000003,,,MB37,2025-10-16_15h19.12.474,online_LDT&KRT,,2025.1.1,120.9706198663714,2025-10-16 15h19.21.175559 +0900,
LDT,Target,judge,l,word,213,213,0,67,l,1,0.6175837999999203,None,,,,,0,213,213,66,287.3276747,,,,,,,,,,,,,,287.32110140000077,287.8114959000013,287.8114959000013,288.43745710000076,l,1,0.6175837999999203,None,288.43749280000156,288.4375036000001,,,MB37,2025-10-16_15h19.12.474,online_LDT&KRT,,2025.1.1,120.9706198663714,2025-10-16 15h19.21.175559 +0900,
LDT,Target,host,l,word,214,214,0,106,l,1,0.5397068000002037,None,,,,,0,214,214,105,288.44552450000083,,,,,,,,,,,,,,288.4384299000012,288.929270300001,288.929270300001,289.4720236000012,l,1,0.5397068000002037,None,289.47205770000073,289.4720683000014,,,MB37,2025-10-16_15h19.12.474,online_LDT&KRT,,2025.1.1,120.9706198663714,2025-10-16 15h19.21.175559 +0900,
LDT,Target,side,l,word,215,215,0,48,l,1,0.4494119999999384,None,,,,,0,215,215,47,289.47992049999993,,,,,,,,,,,,,,289.47304650000115,289.9636319000001,289.9636319000001,290.4145101000013,l,1,0.4494119999999384,None,290.4145425000006,290.4145530000005,,,MB37,2025-10-16_15h19.12.474,online_LDT&KRT,,2025.1.1,120.9706198663714,2025-10-16 15h19.21.175559 +0900,
LDT,Target,bust,l,word,216,216,0,91,a,0,0.7316131999996287,None,,,,,0,216,216,90,290.4223895000014,,,,,,,,,,,,,,290.4154064000013,290.9062563000007,290.9062563000007,291.64081630000146,a,0,0.7316131999996287,None,291.64085420000083,291.6408655000014,,,MB37,2025-10-16_15h19.12.474,online_LDT&KRT,,2025.1.1,120.9706198663714,2025-10-16 15h19.21.175559 +0900,
LDT,Target,yine,a,nonword,217,217,0,220,a,1,0.8007679000002099,None,,,,,0,217,217,219,291.6487132000002,,,,,,,,,,,,,,291.6417342000004,292.13246530000106,292.13246530000106,292.9338045000004,a,1,0.8007679000002099,None,292.93383930000164,292.93385000000126,,,MB37,2025-10-16_15h19.12.474,online_LDT&KRT,,2025.1.1,120.9706198663714,2025-10-16 15h19.21.175559 +0900,
LDT,Target,frow,a,nonword,218,218,0,142,a,1,0.5396251000001939,None,,,,,0,218,218,141,292.94159430000036,,,,,,,,,,,,,,292.9350290000002,293.42538650000097,293.42538650000097,293.96800820000135,a,1,0.5396251000001939,None,293.96804130000055,293.96805230000064,,,MB37,2025-10-16_15h19.12.474,online_LDT&KRT,,2025.1.1,120.9706198663714,2025-10-16 15h19.21.175559 +0900,
LDT,Target,team,l,word,219,219,0,23,l,1,0.561742800000502,None,,,,,0,219,219,22,293.97596150000027,,,,,,,,,,,,,,293.96898580000015,294.45977980000134,294.45977980000134,295.02740540000013,l,1,0.561742800000502,None,295.02743980000014,295.0274504000008,,,MB37,2025-10-16_15h19.12.474,online_LDT&KRT,,2025.1.1,120.9706198663714,2025-10-16 15h19.21.175559 +0900,
LDT,Target,seon,a,nonword,220,220,0,189,a,1,0.5177332999992359,None,,,,,0,220,220,188,295.0353507,,,,,,,,,,,,,,295.02832470000067,295.5191665000002,295.5191665000002,296.0451010000015,a,1,0.5177332999992359,None,296.0451935000001,296.0452058999999,,,MB37,2025-10-16_15h19.12.474,online_LDT&KRT,,2025.1.1,120.9706198663714,2025-10-16 15h19.21.175559 +0900,
LDT,Target,suck,l,word,221,221,0,83,l,1,0.45296699999926204,None,,,,,0,221,221,82,296.05303880000065,,,,,,,,,,,,,,296.04612220000126,296.53683360000105,296.53683360000105,296.9962746000001,l,1,0.45296699999926204,None,296.99631210000007,296.99632270000075,,,MB37,2025-10-16_15h19.12.474,online_LDT&KRT,,2025.1.1,120.9706198663714,2025-10-16 15h19.21.175559 +0900,
,,,,,,,,,,,,,,,,,,,,,,,,,,,,,,,,,,,,,,,,,,,,,296.99635750000016,299.99051210000107,MB37,2025-10-16_15h19.12.474,online_LDT&KRT,,2025.1.1,120.9706198663714,2025-10-16 15h19.21.175559 +0900,
